x-axis,3,4
second,Ampere,Ampere
-1.00000E-03,+40.20100403E+00,-40.20100403E+00
-999.00E-06,+7.53768826E+00,+0.0E+00
-998.00E-06,+20.10050201E+00,+40.20100403E+00
-997.00E-06,+0.0E+00,+10.05025101E+00
-996.00E-06,+0.0E+00,+40.20100403E+00
-995.00E-06,+0.0E+00,+70.35175705E+00
-994.00E-06,+17.58793926E+00,+60.30150604E+00
-993.00E-06,+40.20100403E+00,+80.40200806E+00
-992.00E-06,+37.68844128E+00,+118.09044933E+00
-991.00E-06,+7.53768826E+00,+120.60301208E+00
-990.00E-06,+20.10050201E+00,+160.80401611E+00
-989.00E-06,+10.05025101E+00,+120.60301208E+00
-988.00E-06,+37.68844128E+00,+160.80401611E+00
-987.00E-06,+40.20100403E+00,+231.15577316E+00
-986.00E-06,+40.20100403E+00,+298.99496746E+00
-985.00E-06,+40.20100403E+00,+331.65828323E+00
-984.00E-06,+80.40200806E+00,+399.49747753E+00
-983.00E-06,+80.40200806E+00,+402.01004028E+00
-982.00E-06,+80.40200806E+00,+442.21104431E+00
-981.00E-06,+40.20100403E+00,+442.21104431E+00
-980.00E-06,+77.88944530E+00,+482.41204834E+00
-979.00E-06,+40.20100403E+00,+482.41204834E+00
-978.00E-06,+80.40200806E+00,+499.99998760E+00
-977.00E-06,+80.40200806E+00,+510.05023861E+00
-976.00E-06,+80.40200806E+00,+520.10048962E+00
-975.00E-06,+80.40200806E+00,+482.41204834E+00
-974.00E-06,+60.30150604E+00,+482.41204834E+00
-973.00E-06,+108.04019833E+00,+482.41204834E+00
-972.00E-06,+80.40200806E+00,+442.21104431E+00
-971.00E-06,+80.40200806E+00,+442.21104431E+00
-970.00E-06,+120.60301208E+00,+442.21104431E+00
-969.00E-06,+108.04019833E+00,+442.21104431E+00
-968.00E-06,+120.60301208E+00,+402.01004028E+00
-967.00E-06,+80.40200806E+00,+402.01004028E+00
-966.00E-06,+80.40200806E+00,+402.01004028E+00
-965.00E-06,+60.30150604E+00,+402.01004028E+00
-964.00E-06,+80.40200806E+00,+402.01004028E+00
-963.00E-06,+80.40200806E+00,+351.75878525E+00
-962.00E-06,+100.50251007E+00,+321.60803223E+00
-961.00E-06,+80.40200806E+00,+321.60803223E+00
-960.00E-06,+120.60301208E+00,+281.40702820E+00
-959.00E-06,+110.55276108E+00,+281.40702820E+00
-958.00E-06,+100.50251007E+00,+258.79396343E+00
-957.00E-06,+120.60301208E+00,+241.20602417E+00
-956.00E-06,+80.40200806E+00,+241.20602417E+00
-955.00E-06,+120.60301208E+00,+201.00502014E+00
-954.00E-06,+120.60301208E+00,+201.00502014E+00
-953.00E-06,+90.45225906E+00,+160.80401611E+00
-952.00E-06,+120.60301208E+00,+198.49245739E+00
-951.00E-06,+120.60301208E+00,+160.80401611E+00
-950.00E-06,+120.60301208E+00,+160.80401611E+00
-949.00E-06,+148.24120235E+00,+130.65326309E+00
-948.00E-06,+158.29145336E+00,+120.60301208E+00
-947.00E-06,+128.14070034E+00,+150.75376511E+00
-946.00E-06,+140.70351410E+00,+160.80401611E+00
-945.00E-06,+130.65326309E+00,+120.60301208E+00
-944.00E-06,+160.80401611E+00,+120.60301208E+00
-943.00E-06,+128.14070034E+00,+160.80401611E+00
-942.00E-06,+160.80401611E+00,+140.70351410E+00
-941.00E-06,+201.00502014E+00,+160.80401611E+00
-940.00E-06,+160.80401611E+00,+160.80401611E+00
-939.00E-06,+160.80401611E+00,+201.00502014E+00
-938.00E-06,+178.39195538E+00,+201.00502014E+00
-937.00E-06,+160.80401611E+00,+201.00502014E+00
-936.00E-06,+198.49245739E+00,+201.00502014E+00
-935.00E-06,+201.00502014E+00,+241.20602417E+00
-934.00E-06,+201.00502014E+00,+241.20602417E+00
-933.00E-06,+201.00502014E+00,+268.84421444E+00
-932.00E-06,+238.69346142E+00,+281.40702820E+00
-931.00E-06,+231.15577316E+00,+311.55778122E+00
-930.00E-06,+221.10552216E+00,+301.50753021E+00
-929.00E-06,+241.20602417E+00,+321.60803223E+00
-928.00E-06,+241.20602417E+00,+321.60803223E+00
-927.00E-06,+231.15577316E+00,+361.80903625E+00
-926.00E-06,+241.20602417E+00,+361.80903625E+00
-925.00E-06,+241.20602417E+00,+361.80903625E+00
-924.00E-06,+241.20602417E+00,+402.01004028E+00
-923.00E-06,+271.35677719E+00,+402.01004028E+00
-922.00E-06,+241.20602417E+00,+381.90953827E+00
-921.00E-06,+251.25627518E+00,+402.01004028E+00
-920.00E-06,+278.89446545E+00,+402.01004028E+00
-919.00E-06,+248.74371243E+00,+432.16079330E+00
-918.00E-06,+261.30652618E+00,+442.21104431E+00
-917.00E-06,+251.25627518E+00,+442.21104431E+00
-916.00E-06,+281.40702820E+00,+402.01004028E+00
-915.00E-06,+248.74371243E+00,+391.95978928E+00
-914.00E-06,+281.40702820E+00,+402.01004028E+00
-913.00E-06,+281.40702820E+00,+341.70853424E+00
-912.00E-06,+278.89446545E+00,+321.60803223E+00
-911.00E-06,+321.60803223E+00,+288.94471645E+00
-910.00E-06,+298.99496746E+00,+241.20602417E+00
-909.00E-06,+281.40702820E+00,+228.64321041E+00
-908.00E-06,+281.40702820E+00,+160.80401611E+00
-907.00E-06,+311.55778122E+00,+150.75376511E+00
-906.00E-06,+281.40702820E+00,+80.40200806E+00
-905.00E-06,+281.40702820E+00,+40.20100403E+00
-904.00E-06,+281.40702820E+00,-37.68844128E+00
-903.00E-06,+248.74371243E+00,-40.20100403E+00
-902.00E-06,+261.30652618E+00,-120.60301208E+00
-901.00E-06,+268.84421444E+00,-160.80401611E+00
-900.00E-06,+281.40702820E+00,-201.00502014E+00
-899.00E-06,+241.20602417E+00,-241.20602417E+00
-898.00E-06,+261.30652618E+00,-298.99496746E+00
-897.00E-06,+241.20602417E+00,-349.24622250E+00
-896.00E-06,+241.20602417E+00,-399.49747753E+00
-895.00E-06,+241.20602417E+00,-409.54772854E+00
-894.00E-06,+241.20602417E+00,-462.31154633E+00
-893.00E-06,+241.20602417E+00,-492.46229935E+00
-892.00E-06,+241.20602417E+00,-522.61305237E+00
-891.00E-06,+241.20602417E+00,-562.81405640E+00
-890.00E-06,+221.10552216E+00,-582.91455841E+00
-889.00E-06,+241.20602417E+00,-562.81405640E+00
-888.00E-06,+201.00502014E+00,-603.01506042E+00
-887.00E-06,+201.00502014E+00,-630.65325069E+00
-886.00E-06,+221.10552216E+00,-643.21606445E+00
-885.00E-06,+201.00502014E+00,-643.21606445E+00
-884.00E-06,+238.69346142E+00,-603.01506042E+00
-883.00E-06,+201.00502014E+00,-603.01506042E+00
-882.00E-06,+201.00502014E+00,-623.11556244E+00
-881.00E-06,+168.34170437E+00,-603.01506042E+00
-880.00E-06,+201.00502014E+00,-603.01506042E+00
-879.00E-06,+170.85426712E+00,-562.81405640E+00
-878.00E-06,+201.00502014E+00,-582.91455841E+00
-877.00E-06,+160.80401611E+00,-562.81405640E+00
-876.00E-06,+201.00502014E+00,-522.61305237E+00
-875.00E-06,+160.80401611E+00,-510.05023861E+00
-874.00E-06,+160.80401611E+00,-502.51255035E+00
-873.00E-06,+160.80401611E+00,-482.41204834E+00
-872.00E-06,+160.80401611E+00,-402.01004028E+00
-871.00E-06,+160.80401611E+00,-412.06029129E+00
-870.00E-06,+100.50251007E+00,-381.90953827E+00
-869.00E-06,+128.14070034E+00,-361.80903625E+00
-868.00E-06,+118.09044933E+00,-321.60803223E+00
-867.00E-06,+120.60301208E+00,-321.60803223E+00
-866.00E-06,+120.60301208E+00,-301.50753021E+00
-865.00E-06,+120.60301208E+00,-281.40702820E+00
-864.00E-06,+120.60301208E+00,-241.20602417E+00
-863.00E-06,+90.45225906E+00,-241.20602417E+00
-862.00E-06,+80.40200806E+00,-201.00502014E+00
-861.00E-06,+70.35175705E+00,-160.80401611E+00
-860.00E-06,+80.40200806E+00,-160.80401611E+00
-859.00E-06,+80.40200806E+00,-160.80401611E+00
-858.00E-06,+57.78894329E+00,-140.70351410E+00
-857.00E-06,+40.20100403E+00,-150.75376511E+00
-856.00E-06,+40.20100403E+00,-158.29145336E+00
-855.00E-06,+40.20100403E+00,-120.60301208E+00
-854.00E-06,+40.20100403E+00,-97.98994732E+00
-853.00E-06,+40.20100403E+00,-80.40200806E+00
-852.00E-06,+0.0E+00,-118.09044933E+00
-851.00E-06,+27.63819027E+00,-67.83919430E+00
-850.00E-06,+0.0E+00,-80.40200806E+00
-849.00E-06,+0.0E+00,-80.40200806E+00
-848.00E-06,+0.0E+00,-40.20100403E+00
-847.00E-06,-27.63819027E+00,-67.83919430E+00
-846.00E-06,-40.20100403E+00,-57.78894329E+00
-845.00E-06,-40.20100403E+00,-70.35175705E+00
-844.00E-06,-40.20100403E+00,-40.20100403E+00
-843.00E-06,-40.20100403E+00,-50.25125504E+00
-842.00E-06,-40.20100403E+00,-40.20100403E+00
-841.00E-06,-40.20100403E+00,-7.53768826E+00
-840.00E-06,-40.20100403E+00,+0.0E+00
-839.00E-06,-80.40200806E+00,+0.0E+00
-838.00E-06,-80.40200806E+00,+0.0E+00
-837.00E-06,-80.40200806E+00,+40.20100403E+00
-836.00E-06,-80.40200806E+00,+37.68844128E+00
-835.00E-06,-80.40200806E+00,+40.20100403E+00
-834.00E-06,-100.50251007E+00,+40.20100403E+00
-833.00E-06,-87.93969631E+00,+40.20100403E+00
-832.00E-06,-120.60301208E+00,+77.88944530E+00
-831.00E-06,-120.60301208E+00,+40.20100403E+00
-830.00E-06,-120.60301208E+00,+40.20100403E+00
-829.00E-06,-120.60301208E+00,+7.53768826E+00
-828.00E-06,-120.60301208E+00,+0.0E+00
-827.00E-06,-120.60301208E+00,-17.58793926E+00
-826.00E-06,-160.80401611E+00,+0.0E+00
-825.00E-06,-120.60301208E+00,-30.15075302E+00
-824.00E-06,-120.60301208E+00,-40.20100403E+00
-823.00E-06,-120.60301208E+00,-40.20100403E+00
-822.00E-06,-120.60301208E+00,-80.40200806E+00
-821.00E-06,-120.60301208E+00,-87.93969631E+00
-820.00E-06,-158.29145336E+00,-80.40200806E+00
-819.00E-06,-160.80401611E+00,-120.60301208E+00
-818.00E-06,-160.80401611E+00,-120.60301208E+00
-817.00E-06,-160.80401611E+00,-160.80401611E+00
-816.00E-06,-198.49245739E+00,-160.80401611E+00
-815.00E-06,-201.00502014E+00,-201.00502014E+00
-814.00E-06,-178.39195538E+00,-221.10552216E+00
-813.00E-06,-190.95476913E+00,-241.20602417E+00
-812.00E-06,-201.00502014E+00,-278.89446545E+00
-811.00E-06,-201.00502014E+00,-281.40702820E+00
-810.00E-06,-201.00502014E+00,-281.40702820E+00
-809.00E-06,-201.00502014E+00,-311.55778122E+00
-808.00E-06,-201.00502014E+00,-319.09546947E+00
-807.00E-06,-201.00502014E+00,-321.60803223E+00
-806.00E-06,-201.00502014E+00,-321.60803223E+00
-805.00E-06,-201.00502014E+00,-351.75878525E+00
-804.00E-06,-201.00502014E+00,-359.29647350E+00
-803.00E-06,-201.00502014E+00,-349.24622250E+00
-802.00E-06,-218.59295940E+00,-361.80903625E+00
-801.00E-06,-190.95476913E+00,-329.14572048E+00
-800.00E-06,-201.00502014E+00,-361.80903625E+00
-799.00E-06,-201.00502014E+00,-361.80903625E+00
-798.00E-06,-221.10552216E+00,-321.60803223E+00
-797.00E-06,-201.00502014E+00,-351.75878525E+00
-796.00E-06,-238.69346142E+00,-321.60803223E+00
-795.00E-06,-211.05527115E+00,-361.80903625E+00
-794.00E-06,-201.00502014E+00,-321.60803223E+00
-793.00E-06,-231.15577316E+00,-321.60803223E+00
-792.00E-06,-238.69346142E+00,-281.40702820E+00
-791.00E-06,-211.05527115E+00,-281.40702820E+00
-790.00E-06,-201.00502014E+00,-258.79396343E+00
-789.00E-06,-201.00502014E+00,-248.74371243E+00
-788.00E-06,-160.80401611E+00,-281.40702820E+00
-787.00E-06,-211.05527115E+00,-228.64321041E+00
-786.00E-06,-201.00502014E+00,-218.59295940E+00
-785.00E-06,-201.00502014E+00,-201.00502014E+00
-784.00E-06,-198.49245739E+00,-238.69346142E+00
-783.00E-06,-170.85426712E+00,-228.64321041E+00
-782.00E-06,-201.00502014E+00,-160.80401611E+00
-781.00E-06,-190.95476913E+00,-168.34170437E+00
-780.00E-06,-160.80401611E+00,-160.80401611E+00
-779.00E-06,-170.85426712E+00,-160.80401611E+00
-778.00E-06,-160.80401611E+00,-140.70351410E+00
-777.00E-06,-160.80401611E+00,-120.60301208E+00
-776.00E-06,-160.80401611E+00,-120.60301208E+00
-775.00E-06,-188.44220638E+00,-120.60301208E+00
-774.00E-06,-138.19095135E+00,-97.98994732E+00
-773.00E-06,-160.80401611E+00,-120.60301208E+00
-772.00E-06,-160.80401611E+00,-80.40200806E+00
-771.00E-06,-148.24120235E+00,-50.25125504E+00
-770.00E-06,-140.70351410E+00,-60.30150604E+00
-769.00E-06,-120.60301208E+00,-47.73869228E+00
-768.00E-06,-120.60301208E+00,-80.40200806E+00
-767.00E-06,-160.80401611E+00,-40.20100403E+00
-766.00E-06,-120.60301208E+00,-57.78894329E+00
-765.00E-06,-120.60301208E+00,-40.20100403E+00
-764.00E-06,-120.60301208E+00,+0.0E+00
-763.00E-06,-90.45225906E+00,-40.20100403E+00
-762.00E-06,-120.60301208E+00,-40.20100403E+00
-761.00E-06,-120.60301208E+00,-40.20100403E+00
-760.00E-06,-118.09044933E+00,+0.0E+00
-759.00E-06,-108.04019833E+00,-40.20100403E+00
-758.00E-06,-80.40200806E+00,-17.58793926E+00
-757.00E-06,-80.40200806E+00,-40.20100403E+00
-756.00E-06,-80.40200806E+00,+0.0E+00
-755.00E-06,-108.04019833E+00,-40.20100403E+00
-754.00E-06,-57.78894329E+00,-20.10050201E+00
-753.00E-06,-70.35175705E+00,-40.20100403E+00
-752.00E-06,-40.20100403E+00,-40.20100403E+00
-751.00E-06,-40.20100403E+00,-40.20100403E+00
-750.00E-06,-40.20100403E+00,-40.20100403E+00
-749.00E-06,-40.20100403E+00,-70.35175705E+00
-748.00E-06,-40.20100403E+00,-40.20100403E+00
-747.00E-06,-40.20100403E+00,-40.20100403E+00
-746.00E-06,-40.20100403E+00,-40.20100403E+00
-745.00E-06,-40.20100403E+00,-40.20100403E+00
-744.00E-06,+0.0E+00,-80.40200806E+00
-743.00E-06,-10.05025101E+00,-80.40200806E+00
-742.00E-06,+0.0E+00,-80.40200806E+00
-741.00E-06,+0.0E+00,-87.93969631E+00
-740.00E-06,+0.0E+00,-118.09044933E+00
-739.00E-06,+0.0E+00,-80.40200806E+00
-738.00E-06,+0.0E+00,-120.60301208E+00
-737.00E-06,+40.20100403E+00,-120.60301208E+00
-736.00E-06,+0.0E+00,-160.80401611E+00
-735.00E-06,+10.05025101E+00,-120.60301208E+00
-734.00E-06,+17.58793926E+00,-120.60301208E+00
-733.00E-06,+30.15075302E+00,-160.80401611E+00
-732.00E-06,+0.0E+00,-120.60301208E+00
-731.00E-06,+40.20100403E+00,-160.80401611E+00
-730.00E-06,+40.20100403E+00,-160.80401611E+00
-729.00E-06,+70.35175705E+00,-160.80401611E+00
-728.00E-06,+40.20100403E+00,-160.80401611E+00
-727.00E-06,+40.20100403E+00,-160.80401611E+00
-726.00E-06,+57.78894329E+00,-180.90451813E+00
-725.00E-06,+80.40200806E+00,-160.80401611E+00
-724.00E-06,+80.40200806E+00,-160.80401611E+00
-723.00E-06,+67.83919430E+00,-160.80401611E+00
-722.00E-06,+80.40200806E+00,-160.80401611E+00
-721.00E-06,+80.40200806E+00,-128.14070034E+00
-720.00E-06,+118.09044933E+00,-160.80401611E+00
-719.00E-06,+80.40200806E+00,-160.80401611E+00
-718.00E-06,+97.98994732E+00,-160.80401611E+00
-717.00E-06,+110.55276108E+00,-160.80401611E+00
-716.00E-06,+80.40200806E+00,-158.29145336E+00
-715.00E-06,+90.45225906E+00,-160.80401611E+00
-714.00E-06,+100.50251007E+00,-140.70351410E+00
-713.00E-06,+110.55276108E+00,-160.80401611E+00
-712.00E-06,+120.60301208E+00,-120.60301208E+00
-711.00E-06,+120.60301208E+00,-130.65326309E+00
-710.00E-06,+120.60301208E+00,-120.60301208E+00
-709.00E-06,+120.60301208E+00,-120.60301208E+00
-708.00E-06,+120.60301208E+00,-80.40200806E+00
-707.00E-06,+120.60301208E+00,-120.60301208E+00
-706.00E-06,+120.60301208E+00,-120.60301208E+00
-705.00E-06,+120.60301208E+00,-150.75376511E+00
-704.00E-06,+120.60301208E+00,-118.09044933E+00
-703.00E-06,+120.60301208E+00,-108.04019833E+00
-702.00E-06,+120.60301208E+00,-100.50251007E+00
-701.00E-06,+150.75376511E+00,-87.93969631E+00
-700.00E-06,+120.60301208E+00,-120.60301208E+00
-699.00E-06,+148.24120235E+00,-130.65326309E+00
-698.00E-06,+138.19095135E+00,-120.60301208E+00
-697.00E-06,+87.93969631E+00,-110.55276108E+00
-696.00E-06,+158.29145336E+00,-120.60301208E+00
-695.00E-06,+120.60301208E+00,-120.60301208E+00
-694.00E-06,+120.60301208E+00,-120.60301208E+00
-693.00E-06,+120.60301208E+00,-160.80401611E+00
-692.00E-06,+120.60301208E+00,-160.80401611E+00
-691.00E-06,+120.60301208E+00,-160.80401611E+00
-690.00E-06,+140.70351410E+00,-160.80401611E+00
-689.00E-06,+120.60301208E+00,-160.80401611E+00
-688.00E-06,+120.60301208E+00,-160.80401611E+00
-687.00E-06,+90.45225906E+00,-188.44220638E+00
-686.00E-06,+138.19095135E+00,-160.80401611E+00
-685.00E-06,+120.60301208E+00,-168.34170437E+00
-684.00E-06,+120.60301208E+00,-160.80401611E+00
-683.00E-06,+80.40200806E+00,-160.80401611E+00
-682.00E-06,+120.60301208E+00,-160.80401611E+00
-681.00E-06,+120.60301208E+00,-190.95476913E+00
-680.00E-06,+118.09044933E+00,-160.80401611E+00
-679.00E-06,+120.60301208E+00,-148.24120235E+00
-678.00E-06,+120.60301208E+00,-138.19095135E+00
-677.00E-06,+80.40200806E+00,-160.80401611E+00
-676.00E-06,+80.40200806E+00,-120.60301208E+00
-675.00E-06,+80.40200806E+00,-120.60301208E+00
-674.00E-06,+100.50251007E+00,-120.60301208E+00
-673.00E-06,+80.40200806E+00,-80.40200806E+00
-672.00E-06,+80.40200806E+00,-118.09044933E+00
-671.00E-06,+108.04019833E+00,-80.40200806E+00
-670.00E-06,+80.40200806E+00,-57.78894329E+00
-669.00E-06,+80.40200806E+00,-70.35175705E+00
-668.00E-06,+77.88944530E+00,-40.20100403E+00
-667.00E-06,+80.40200806E+00,+0.0E+00
-666.00E-06,+80.40200806E+00,+0.0E+00
-665.00E-06,+80.40200806E+00,+40.20100403E+00
-664.00E-06,+80.40200806E+00,+40.20100403E+00
-663.00E-06,+80.40200806E+00,+67.83919430E+00
-662.00E-06,+80.40200806E+00,+40.20100403E+00
-661.00E-06,+80.40200806E+00,+80.40200806E+00
-660.00E-06,+80.40200806E+00,+80.40200806E+00
-659.00E-06,+80.40200806E+00,+80.40200806E+00
-658.00E-06,+80.40200806E+00,+120.60301208E+00
-657.00E-06,+80.40200806E+00,+120.60301208E+00
-656.00E-06,+80.40200806E+00,+158.29145336E+00
-655.00E-06,+108.04019833E+00,+120.60301208E+00
-654.00E-06,+80.40200806E+00,+160.80401611E+00
-653.00E-06,+80.40200806E+00,+150.75376511E+00
-652.00E-06,+118.09044933E+00,+160.80401611E+00
-651.00E-06,+80.40200806E+00,+160.80401611E+00
-650.00E-06,+80.40200806E+00,+160.80401611E+00
-649.00E-06,+80.40200806E+00,+128.14070034E+00
-648.00E-06,+80.40200806E+00,+160.80401611E+00
-647.00E-06,+50.25125504E+00,+120.60301208E+00
-646.00E-06,+80.40200806E+00,+140.70351410E+00
-645.00E-06,+80.40200806E+00,+120.60301208E+00
-644.00E-06,+80.40200806E+00,+120.60301208E+00
-643.00E-06,+80.40200806E+00,+108.04019833E+00
-642.00E-06,+80.40200806E+00,+80.40200806E+00
-641.00E-06,+40.20100403E+00,+80.40200806E+00
-640.00E-06,+80.40200806E+00,+40.20100403E+00
-639.00E-06,+50.25125504E+00,+50.25125504E+00
-638.00E-06,+57.78894329E+00,+40.20100403E+00
-637.00E-06,+80.40200806E+00,+7.53768826E+00
-636.00E-06,+80.40200806E+00,+0.0E+00
-635.00E-06,+50.25125504E+00,+0.0E+00
-634.00E-06,+80.40200806E+00,-40.20100403E+00
-633.00E-06,+47.73869228E+00,-47.73869228E+00
-632.00E-06,+77.88944530E+00,-80.40200806E+00
-631.00E-06,+67.83919430E+00,-80.40200806E+00
-630.00E-06,+80.40200806E+00,-120.60301208E+00
-629.00E-06,+70.35175705E+00,-120.60301208E+00
-628.00E-06,+40.20100403E+00,-160.80401611E+00
-627.00E-06,+80.40200806E+00,-160.80401611E+00
-626.00E-06,+40.20100403E+00,-201.00502014E+00
-625.00E-06,+47.73869228E+00,-168.34170437E+00
-624.00E-06,+80.40200806E+00,-241.20602417E+00
-623.00E-06,+50.25125504E+00,-241.20602417E+00
-622.00E-06,+60.30150604E+00,-261.30652618E+00
-621.00E-06,+40.20100403E+00,-288.94471645E+00
-620.00E-06,+80.40200806E+00,-319.09546947E+00
-619.00E-06,+40.20100403E+00,-321.60803223E+00
-618.00E-06,+40.20100403E+00,-361.80903625E+00
-617.00E-06,+47.73869228E+00,-432.16079330E+00
-616.00E-06,+77.88944530E+00,-402.01004028E+00
-615.00E-06,+40.20100403E+00,-442.21104431E+00
-614.00E-06,+57.78894329E+00,-482.41204834E+00
-613.00E-06,+40.20100403E+00,-482.41204834E+00
-612.00E-06,+40.20100403E+00,-520.10048962E+00
-611.00E-06,+40.20100403E+00,-522.61305237E+00
-610.00E-06,+40.20100403E+00,-522.61305237E+00
-609.00E-06,+40.20100403E+00,-552.76380539E+00
-608.00E-06,+37.68844128E+00,-522.61305237E+00
-607.00E-06,+50.25125504E+00,-562.81405640E+00
-606.00E-06,+40.20100403E+00,-562.81405640E+00
-605.00E-06,+7.53768826E+00,-562.81405640E+00
-604.00E-06,+0.0E+00,-560.30149364E+00
-603.00E-06,+40.20100403E+00,-562.81405640E+00
-602.00E-06,+20.10050201E+00,-542.71355438E+00
-601.00E-06,+40.20100403E+00,-562.81405640E+00
-600.00E-06,+0.0E+00,-522.61305237E+00
-599.00E-06,+0.0E+00,-550.25124264E+00
-598.00E-06,+20.10050201E+00,-522.61305237E+00
-597.00E-06,+40.20100403E+00,-522.61305237E+00
-596.00E-06,+40.20100403E+00,-482.41204834E+00
-595.00E-06,+40.20100403E+00,-482.41204834E+00
-594.00E-06,+17.58793926E+00,-482.41204834E+00
-593.00E-06,+7.53768826E+00,-472.36179733E+00
-592.00E-06,+40.20100403E+00,-442.21104431E+00
-591.00E-06,+0.0E+00,-442.21104431E+00
-590.00E-06,+17.58793926E+00,-402.01004028E+00
-589.00E-06,+40.20100403E+00,-422.11054230E+00
-588.00E-06,+37.68844128E+00,-402.01004028E+00
-587.00E-06,+27.63819027E+00,-361.80903625E+00
-586.00E-06,+20.10050201E+00,-339.19597149E+00
-585.00E-06,+40.20100403E+00,-329.14572048E+00
-584.00E-06,+0.0E+00,-321.60803223E+00
-583.00E-06,+27.63819027E+00,-309.04521847E+00
-582.00E-06,+40.20100403E+00,-298.99496746E+00
-581.00E-06,+30.15075302E+00,-311.55778122E+00
-580.00E-06,+0.0E+00,-241.20602417E+00
-579.00E-06,+10.05025101E+00,-211.05527115E+00
-578.00E-06,+0.0E+00,-241.20602417E+00
-577.00E-06,+0.0E+00,-241.20602417E+00
-576.00E-06,+0.0E+00,-238.69346142E+00
-575.00E-06,+10.05025101E+00,-228.64321041E+00
-574.00E-06,+20.10050201E+00,-201.00502014E+00
-573.00E-06,+0.0E+00,-231.15577316E+00
-572.00E-06,+0.0E+00,-201.00502014E+00
-571.00E-06,+0.0E+00,-201.00502014E+00
-570.00E-06,+20.10050201E+00,-160.80401611E+00
-569.00E-06,+0.0E+00,-160.80401611E+00
-568.00E-06,+0.0E+00,-198.49245739E+00
-567.00E-06,+0.0E+00,-160.80401611E+00
-566.00E-06,+0.0E+00,-180.90451813E+00
-565.00E-06,+30.15075302E+00,-190.95476913E+00
-564.00E-06,+37.68844128E+00,-160.80401611E+00
-563.00E-06,+0.0E+00,-160.80401611E+00
-562.00E-06,+0.0E+00,-178.39195538E+00
-561.00E-06,+7.53768826E+00,-168.34170437E+00
-560.00E-06,+0.0E+00,-160.80401611E+00
-559.00E-06,+10.05025101E+00,-160.80401611E+00
-558.00E-06,+0.0E+00,-201.00502014E+00
-557.00E-06,+0.0E+00,-168.34170437E+00
-556.00E-06,+0.0E+00,-201.00502014E+00
-555.00E-06,-10.05025101E+00,-201.00502014E+00
-554.00E-06,+0.0E+00,-180.90451813E+00
-553.00E-06,+0.0E+00,-201.00502014E+00
-552.00E-06,+0.0E+00,-201.00502014E+00
-551.00E-06,+0.0E+00,-188.44220638E+00
-550.00E-06,+17.58793926E+00,-201.00502014E+00
-549.00E-06,-7.53768826E+00,-231.15577316E+00
-548.00E-06,+37.68844128E+00,-201.00502014E+00
-547.00E-06,-10.05025101E+00,-201.00502014E+00
-546.00E-06,+0.0E+00,-218.59295940E+00
-545.00E-06,+0.0E+00,-208.54270840E+00
-544.00E-06,+0.0E+00,-238.69346142E+00
-543.00E-06,+0.0E+00,-228.64321041E+00
-542.00E-06,+0.0E+00,-241.20602417E+00
-541.00E-06,-30.15075302E+00,-208.54270840E+00
-540.00E-06,+0.0E+00,-278.89446545E+00
-539.00E-06,-10.05025101E+00,-268.84421444E+00
-538.00E-06,+0.0E+00,-241.20602417E+00
-537.00E-06,-40.20100403E+00,-241.20602417E+00
-536.00E-06,-40.20100403E+00,-241.20602417E+00
-535.00E-06,-40.20100403E+00,-241.20602417E+00
-534.00E-06,-40.20100403E+00,-241.20602417E+00
-533.00E-06,-7.53768826E+00,-271.35677719E+00
-532.00E-06,-40.20100403E+00,-241.20602417E+00
-531.00E-06,-40.20100403E+00,-241.20602417E+00
-530.00E-06,-17.58793926E+00,-261.30652618E+00
-529.00E-06,-40.20100403E+00,-241.20602417E+00
-528.00E-06,-40.20100403E+00,-241.20602417E+00
-527.00E-06,-50.25125504E+00,-281.40702820E+00
-526.00E-06,-40.20100403E+00,-241.20602417E+00
-525.00E-06,-7.53768826E+00,-281.40702820E+00
-524.00E-06,-40.20100403E+00,-241.20602417E+00
-523.00E-06,-40.20100403E+00,-241.20602417E+00
-522.00E-06,-80.40200806E+00,-241.20602417E+00
-521.00E-06,-40.20100403E+00,-208.54270840E+00
-520.00E-06,-40.20100403E+00,-241.20602417E+00
-519.00E-06,-50.25125504E+00,-241.20602417E+00
-518.00E-06,-60.30150604E+00,-241.20602417E+00
-517.00E-06,-80.40200806E+00,-241.20602417E+00
-516.00E-06,-40.20100403E+00,-238.69346142E+00
-515.00E-06,-80.40200806E+00,-201.00502014E+00
-514.00E-06,-57.78894329E+00,-218.59295940E+00
-513.00E-06,-80.40200806E+00,-201.00502014E+00
-512.00E-06,-77.88944530E+00,-201.00502014E+00
-511.00E-06,-90.45225906E+00,-201.00502014E+00
-510.00E-06,-100.50251007E+00,-221.10552216E+00
-509.00E-06,-80.40200806E+00,-201.00502014E+00
-508.00E-06,-118.09044933E+00,-160.80401611E+00
-507.00E-06,-108.04019833E+00,-201.00502014E+00
-506.00E-06,-100.50251007E+00,-201.00502014E+00
-505.00E-06,-80.40200806E+00,-201.00502014E+00
-504.00E-06,-80.40200806E+00,-201.00502014E+00
-503.00E-06,-120.60301208E+00,-188.44220638E+00
-502.00E-06,-97.98994732E+00,-160.80401611E+00
-501.00E-06,-120.60301208E+00,-201.00502014E+00
-500.00E-06,-158.29145336E+00,-201.00502014E+00
-499.00E-06,-120.60301208E+00,-160.80401611E+00
-498.00E-06,-120.60301208E+00,-201.00502014E+00
-497.00E-06,-87.93969631E+00,-168.34170437E+00
-496.00E-06,-80.40200806E+00,-198.49245739E+00
-495.00E-06,-108.04019833E+00,-160.80401611E+00
-494.00E-06,-120.60301208E+00,-160.80401611E+00
-493.00E-06,-120.60301208E+00,-168.34170437E+00
-492.00E-06,-120.60301208E+00,-198.49245739E+00
-491.00E-06,-120.60301208E+00,-160.80401611E+00
-490.00E-06,-120.60301208E+00,-138.19095135E+00
-489.00E-06,-120.60301208E+00,-160.80401611E+00
-488.00E-06,-158.29145336E+00,-160.80401611E+00
-487.00E-06,-160.80401611E+00,-160.80401611E+00
-486.00E-06,-138.19095135E+00,-120.60301208E+00
-485.00E-06,-120.60301208E+00,-40.20100403E+00
-484.00E-06,-120.60301208E+00,+0.0E+00
-483.00E-06,-148.24120235E+00,+67.83919430E+00
-482.00E-06,-120.60301208E+00,+80.40200806E+00
-481.00E-06,-120.60301208E+00,+120.60301208E+00
-480.00E-06,-120.60301208E+00,+160.80401611E+00
-479.00E-06,-90.45225906E+00,+211.05527115E+00
-478.00E-06,-120.60301208E+00,+258.79396343E+00
-477.00E-06,-110.55276108E+00,+281.40702820E+00
-476.00E-06,-80.40200806E+00,+321.60803223E+00
-475.00E-06,-90.45225906E+00,+361.80903625E+00
-474.00E-06,-100.50251007E+00,+379.39697552E+00
-473.00E-06,-80.40200806E+00,+402.01004028E+00
-472.00E-06,-80.40200806E+00,+402.01004028E+00
-471.00E-06,-80.40200806E+00,+412.06029129E+00
-470.00E-06,-60.30150604E+00,+402.01004028E+00
-469.00E-06,-80.40200806E+00,+442.21104431E+00
-468.00E-06,-80.40200806E+00,+402.01004028E+00
-467.00E-06,-80.40200806E+00,+452.26129532E+00
-466.00E-06,-60.30150604E+00,+442.21104431E+00
-465.00E-06,-47.73869228E+00,+442.21104431E+00
-464.00E-06,-77.88944530E+00,+479.89948559E+00
-463.00E-06,-67.83919430E+00,+469.84923458E+00
-462.00E-06,-60.30150604E+00,+442.21104431E+00
-461.00E-06,-40.20100403E+00,+409.54772854E+00
-460.00E-06,-40.20100403E+00,+402.01004028E+00
-459.00E-06,-40.20100403E+00,+389.44722652E+00
-458.00E-06,-40.20100403E+00,+339.19597149E+00
-457.00E-06,-40.20100403E+00,+288.94471645E+00
-456.00E-06,-40.20100403E+00,+281.40702820E+00
-455.00E-06,-40.20100403E+00,+241.20602417E+00
-454.00E-06,-40.20100403E+00,+201.00502014E+00
-453.00E-06,-40.20100403E+00,+160.80401611E+00
-452.00E-06,-40.20100403E+00,+80.40200806E+00
-451.00E-06,-27.63819027E+00,+80.40200806E+00
-450.00E-06,+0.0E+00,+0.0E+00
-449.00E-06,-40.20100403E+00,-40.20100403E+00
-448.00E-06,+0.0E+00,-118.09044933E+00
-447.00E-06,-10.05025101E+00,-120.60301208E+00
-446.00E-06,-40.20100403E+00,-160.80401611E+00
-445.00E-06,-7.53768826E+00,-201.00502014E+00
-444.00E-06,+0.0E+00,-241.20602417E+00
-443.00E-06,+0.0E+00,-281.40702820E+00
-442.00E-06,-20.10050201E+00,-301.50753021E+00
-441.00E-06,+0.0E+00,-329.14572048E+00
-440.00E-06,+0.0E+00,-402.01004028E+00
-439.00E-06,+27.63819027E+00,-442.21104431E+00
-438.00E-06,+20.10050201E+00,-482.41204834E+00
-437.00E-06,+0.0E+00,-489.94973660E+00
-436.00E-06,+0.0E+00,-522.61305237E+00
-435.00E-06,+0.0E+00,-522.61305237E+00
-434.00E-06,+20.10050201E+00,-580.40199566E+00
-433.00E-06,+0.0E+00,-562.81405640E+00
-432.00E-06,+40.20100403E+00,-562.81405640E+00
-431.00E-06,+40.20100403E+00,-572.86430740E+00
-430.00E-06,+40.20100403E+00,-603.01506042E+00
-429.00E-06,+40.20100403E+00,-603.01506042E+00
-428.00E-06,+40.20100403E+00,-603.01506042E+00
-427.00E-06,+40.20100403E+00,-603.01506042E+00
-426.00E-06,+40.20100403E+00,-603.01506042E+00
-425.00E-06,+40.20100403E+00,-570.35174465E+00
-424.00E-06,+40.20100403E+00,-562.81405640E+00
-423.00E-06,+67.83919430E+00,-562.81405640E+00
-422.00E-06,+60.30150604E+00,-542.71355438E+00
-421.00E-06,+80.40200806E+00,-522.61305237E+00
-420.00E-06,+80.40200806E+00,-482.41204834E+00
-419.00E-06,+80.40200806E+00,-482.41204834E+00
-418.00E-06,+80.40200806E+00,-459.79898357E+00
-417.00E-06,+70.35175705E+00,-442.21104431E+00
-416.00E-06,+120.60301208E+00,-402.01004028E+00
-415.00E-06,+80.40200806E+00,-429.64823055E+00
-414.00E-06,+97.98994732E+00,-402.01004028E+00
-413.00E-06,+80.40200806E+00,-361.80903625E+00
-412.00E-06,+80.40200806E+00,-361.80903625E+00
-411.00E-06,+120.60301208E+00,-321.60803223E+00
-410.00E-06,+97.98994732E+00,-281.40702820E+00
-409.00E-06,+120.60301208E+00,-311.55778122E+00
-408.00E-06,+120.60301208E+00,-241.20602417E+00
-407.00E-06,+120.60301208E+00,-251.25627518E+00
-406.00E-06,+100.50251007E+00,-241.20602417E+00
-405.00E-06,+120.60301208E+00,-241.20602417E+00
-404.00E-06,+120.60301208E+00,-201.00502014E+00
-403.00E-06,+120.60301208E+00,-188.44220638E+00
-402.00E-06,+100.50251007E+00,-201.00502014E+00
-401.00E-06,+120.60301208E+00,-190.95476913E+00
-400.00E-06,+120.60301208E+00,-198.49245739E+00
-399.00E-06,+120.60301208E+00,-160.80401611E+00
-398.00E-06,+120.60301208E+00,-120.60301208E+00
-397.00E-06,+120.60301208E+00,-150.75376511E+00
-396.00E-06,+120.60301208E+00,-120.60301208E+00
-395.00E-06,+120.60301208E+00,-120.60301208E+00
-394.00E-06,+160.80401611E+00,-120.60301208E+00
-393.00E-06,+120.60301208E+00,-120.60301208E+00
-392.00E-06,+120.60301208E+00,-120.60301208E+00
-391.00E-06,+130.65326309E+00,-108.04019833E+00
-390.00E-06,+140.70351410E+00,-120.60301208E+00
-389.00E-06,+128.14070034E+00,-87.93969631E+00
-388.00E-06,+120.60301208E+00,-118.09044933E+00
-387.00E-06,+120.60301208E+00,-80.40200806E+00
-386.00E-06,+140.70351410E+00,-97.98994732E+00
-385.00E-06,+128.14070034E+00,-110.55276108E+00
-384.00E-06,+120.60301208E+00,-80.40200806E+00
-383.00E-06,+120.60301208E+00,-80.40200806E+00
-382.00E-06,+160.80401611E+00,-80.40200806E+00
-381.00E-06,+150.75376511E+00,-80.40200806E+00
-380.00E-06,+120.60301208E+00,-40.20100403E+00
-379.00E-06,+120.60301208E+00,-108.04019833E+00
-378.00E-06,+120.60301208E+00,-100.50251007E+00
-377.00E-06,+120.60301208E+00,-80.40200806E+00
-376.00E-06,+158.29145336E+00,-118.09044933E+00
-375.00E-06,+120.60301208E+00,-67.83919430E+00
-374.00E-06,+140.70351410E+00,-80.40200806E+00
-373.00E-06,+150.75376511E+00,-80.40200806E+00
-372.00E-06,+158.29145336E+00,-80.40200806E+00
-371.00E-06,+130.65326309E+00,-80.40200806E+00
-370.00E-06,+120.60301208E+00,-80.40200806E+00
-369.00E-06,+150.75376511E+00,-80.40200806E+00
-368.00E-06,+120.60301208E+00,-80.40200806E+00
-367.00E-06,+148.24120235E+00,-108.04019833E+00
-366.00E-06,+120.60301208E+00,-80.40200806E+00
-365.00E-06,+128.14070034E+00,-47.73869228E+00
-364.00E-06,+158.29145336E+00,-80.40200806E+00
-363.00E-06,+160.80401611E+00,-120.60301208E+00
-362.00E-06,+138.19095135E+00,-120.60301208E+00
-361.00E-06,+128.14070034E+00,-120.60301208E+00
-360.00E-06,+158.29145336E+00,-118.09044933E+00
-359.00E-06,+120.60301208E+00,-120.60301208E+00
-358.00E-06,+100.50251007E+00,-120.60301208E+00
-357.00E-06,+120.60301208E+00,-150.75376511E+00
-356.00E-06,+120.60301208E+00,-120.60301208E+00
-355.00E-06,+90.45225906E+00,-160.80401611E+00
-354.00E-06,+140.70351410E+00,-160.80401611E+00
-353.00E-06,+120.60301208E+00,-160.80401611E+00
-352.00E-06,+120.60301208E+00,-160.80401611E+00
-351.00E-06,+90.45225906E+00,-201.00502014E+00
-350.00E-06,+120.60301208E+00,-201.00502014E+00
-349.00E-06,+120.60301208E+00,-168.34170437E+00
-348.00E-06,+120.60301208E+00,-201.00502014E+00
-347.00E-06,+120.60301208E+00,-201.00502014E+00
-346.00E-06,+97.98994732E+00,-201.00502014E+00
-345.00E-06,+80.40200806E+00,-201.00502014E+00
-344.00E-06,+80.40200806E+00,-201.00502014E+00
-343.00E-06,+120.60301208E+00,-228.64321041E+00
-342.00E-06,+100.50251007E+00,-221.10552216E+00
-341.00E-06,+80.40200806E+00,-231.15577316E+00
-340.00E-06,+80.40200806E+00,-241.20602417E+00
-339.00E-06,+80.40200806E+00,-241.20602417E+00
-338.00E-06,+80.40200806E+00,-241.20602417E+00
-337.00E-06,+80.40200806E+00,-231.15577316E+00
-336.00E-06,+40.20100403E+00,-238.69346142E+00
-335.00E-06,+80.40200806E+00,-251.25627518E+00
-334.00E-06,+80.40200806E+00,-258.79396343E+00
-333.00E-06,+47.73869228E+00,-241.20602417E+00
-332.00E-06,+40.20100403E+00,-241.20602417E+00
-331.00E-06,+40.20100403E+00,-241.20602417E+00
-330.00E-06,+40.20100403E+00,-241.20602417E+00
-329.00E-06,+40.20100403E+00,-241.20602417E+00
-328.00E-06,+40.20100403E+00,-241.20602417E+00
-327.00E-06,+27.63819027E+00,-211.05527115E+00
-326.00E-06,+40.20100403E+00,-241.20602417E+00
-325.00E-06,+0.0E+00,-231.15577316E+00
-324.00E-06,+0.0E+00,-238.69346142E+00
-323.00E-06,+0.0E+00,-211.05527115E+00
-322.00E-06,+20.10050201E+00,-201.00502014E+00
-321.00E-06,+30.15075302E+00,-201.00502014E+00
-320.00E-06,+0.0E+00,-198.49245739E+00
-319.00E-06,+0.0E+00,-201.00502014E+00
-318.00E-06,+0.0E+00,-178.39195538E+00
-317.00E-06,+30.15075302E+00,-168.34170437E+00
-316.00E-06,+0.0E+00,-160.80401611E+00
-315.00E-06,-10.05025101E+00,-160.80401611E+00
-314.00E-06,-20.10050201E+00,-138.19095135E+00
-313.00E-06,-7.53768826E+00,-150.75376511E+00
-312.00E-06,-40.20100403E+00,-120.60301208E+00
-311.00E-06,-27.63819027E+00,-120.60301208E+00
-310.00E-06,-40.20100403E+00,-120.60301208E+00
-309.00E-06,-40.20100403E+00,-110.55276108E+00
-308.00E-06,-40.20100403E+00,-80.40200806E+00
-307.00E-06,-10.05025101E+00,-90.45225906E+00
-306.00E-06,-40.20100403E+00,-80.40200806E+00
-305.00E-06,-40.20100403E+00,-47.73869228E+00
-304.00E-06,-40.20100403E+00,-40.20100403E+00
-303.00E-06,-40.20100403E+00,-50.25125504E+00
-302.00E-06,-40.20100403E+00,-57.78894329E+00
-301.00E-06,-47.73869228E+00,-40.20100403E+00
-300.00E-06,-40.20100403E+00,-40.20100403E+00
-299.00E-06,-67.83919430E+00,-50.25125504E+00
-298.00E-06,-57.78894329E+00,-40.20100403E+00
-297.00E-06,-47.73869228E+00,-7.53768826E+00
-296.00E-06,-40.20100403E+00,-37.68844128E+00
-295.00E-06,-80.40200806E+00,-10.05025101E+00
-294.00E-06,-80.40200806E+00,-20.10050201E+00
-293.00E-06,-40.20100403E+00,-30.15075302E+00
-292.00E-06,-80.40200806E+00,-37.68844128E+00
-291.00E-06,-90.45225906E+00,-40.20100403E+00
-290.00E-06,-80.40200806E+00,-17.58793926E+00
-289.00E-06,-80.40200806E+00,-40.20100403E+00
-288.00E-06,-80.40200806E+00,+0.0E+00
-287.00E-06,-90.45225906E+00,-40.20100403E+00
-286.00E-06,-80.40200806E+00,-40.20100403E+00
-285.00E-06,-80.40200806E+00,-40.20100403E+00
-284.00E-06,-80.40200806E+00,-77.88944530E+00
-283.00E-06,-108.04019833E+00,-50.25125504E+00
-282.00E-06,-60.30150604E+00,-60.30150604E+00
-281.00E-06,-87.93969631E+00,-80.40200806E+00
-280.00E-06,-80.40200806E+00,-118.09044933E+00
-279.00E-06,-80.40200806E+00,-80.40200806E+00
-278.00E-06,-80.40200806E+00,-80.40200806E+00
-277.00E-06,-87.93969631E+00,-87.93969631E+00
-276.00E-06,-80.40200806E+00,-80.40200806E+00
-275.00E-06,-50.25125504E+00,-120.60301208E+00
-274.00E-06,-100.50251007E+00,-140.70351410E+00
-273.00E-06,-120.60301208E+00,-120.60301208E+00
-272.00E-06,-118.09044933E+00,-160.80401611E+00
-271.00E-06,-80.40200806E+00,-160.80401611E+00
-270.00E-06,-100.50251007E+00,-160.80401611E+00
-269.00E-06,-110.55276108E+00,-160.80401611E+00
-268.00E-06,-80.40200806E+00,-160.80401611E+00
-267.00E-06,-80.40200806E+00,-148.24120235E+00
-266.00E-06,-80.40200806E+00,-160.80401611E+00
-265.00E-06,-120.60301208E+00,-180.90451813E+00
-264.00E-06,-80.40200806E+00,-198.49245739E+00
-263.00E-06,-80.40200806E+00,-160.80401611E+00
-262.00E-06,-100.50251007E+00,-160.80401611E+00
-261.00E-06,-87.93969631E+00,-160.80401611E+00
-260.00E-06,-80.40200806E+00,-160.80401611E+00
-259.00E-06,-80.40200806E+00,-201.00502014E+00
-258.00E-06,-100.50251007E+00,-160.80401611E+00
-257.00E-06,-80.40200806E+00,-160.80401611E+00
-256.00E-06,-80.40200806E+00,-160.80401611E+00
-255.00E-06,-80.40200806E+00,-160.80401611E+00
-254.00E-06,-80.40200806E+00,-160.80401611E+00
-253.00E-06,-110.55276108E+00,-160.80401611E+00
-252.00E-06,-80.40200806E+00,-120.60301208E+00
-251.00E-06,-80.40200806E+00,-148.24120235E+00
-250.00E-06,-80.40200806E+00,-138.19095135E+00
-249.00E-06,-80.40200806E+00,-128.14070034E+00
-248.00E-06,-40.20100403E+00,-120.60301208E+00
-247.00E-06,-80.40200806E+00,-148.24120235E+00
-246.00E-06,-80.40200806E+00,-120.60301208E+00
-245.00E-06,-80.40200806E+00,-120.60301208E+00
-244.00E-06,-80.40200806E+00,-120.60301208E+00
-243.00E-06,-67.83919430E+00,-120.60301208E+00
-242.00E-06,-80.40200806E+00,-100.50251007E+00
-241.00E-06,-40.20100403E+00,-120.60301208E+00
-240.00E-06,-40.20100403E+00,-120.60301208E+00
-239.00E-06,-40.20100403E+00,-80.40200806E+00
-238.00E-06,-57.78894329E+00,-80.40200806E+00
-237.00E-06,-40.20100403E+00,-120.60301208E+00
-236.00E-06,-77.88944530E+00,-80.40200806E+00
-235.00E-06,-67.83919430E+00,-80.40200806E+00
-234.00E-06,-60.30150604E+00,-80.40200806E+00
-233.00E-06,-70.35175705E+00,-70.35175705E+00
-232.00E-06,-40.20100403E+00,-80.40200806E+00
-231.00E-06,-40.20100403E+00,-40.20100403E+00
-230.00E-06,-20.10050201E+00,-57.78894329E+00
-229.00E-06,-60.30150604E+00,-40.20100403E+00
-228.00E-06,-40.20100403E+00,-77.88944530E+00
-227.00E-06,+0.0E+00,-40.20100403E+00
-226.00E-06,-17.58793926E+00,-40.20100403E+00
-225.00E-06,-7.53768826E+00,-70.35175705E+00
-224.00E-06,-37.68844128E+00,-77.88944530E+00
-223.00E-06,-17.58793926E+00,-40.20100403E+00
-222.00E-06,-20.10050201E+00,-80.40200806E+00
-221.00E-06,-7.53768826E+00,-40.20100403E+00
-220.00E-06,+0.0E+00,-40.20100403E+00
-219.00E-06,+27.63819027E+00,-40.20100403E+00
-218.00E-06,+20.10050201E+00,-40.20100403E+00
-217.00E-06,+30.15075302E+00,-70.35175705E+00
-216.00E-06,+37.68844128E+00,-40.20100403E+00
-215.00E-06,-27.63819027E+00,-40.20100403E+00
-214.00E-06,+40.20100403E+00,-40.20100403E+00
-213.00E-06,+30.15075302E+00,-40.20100403E+00
-212.00E-06,+0.0E+00,-37.68844128E+00
-211.00E-06,+10.05025101E+00,-40.20100403E+00
-210.00E-06,+40.20100403E+00,-20.10050201E+00
-209.00E-06,+40.20100403E+00,-40.20100403E+00
-208.00E-06,+40.20100403E+00,-40.20100403E+00
-207.00E-06,+40.20100403E+00,-27.63819027E+00
-206.00E-06,+40.20100403E+00,-40.20100403E+00
-205.00E-06,+40.20100403E+00,-40.20100403E+00
-204.00E-06,+80.40200806E+00,-37.68844128E+00
-203.00E-06,+40.20100403E+00,-40.20100403E+00
-202.00E-06,+40.20100403E+00,-40.20100403E+00
-201.00E-06,+80.40200806E+00,-40.20100403E+00
-200.00E-06,+77.88944530E+00,-40.20100403E+00
-199.00E-06,+80.40200806E+00,-40.20100403E+00
-198.00E-06,+57.78894329E+00,-40.20100403E+00
-197.00E-06,+47.73869228E+00,-40.20100403E+00
-196.00E-06,+80.40200806E+00,-40.20100403E+00
-195.00E-06,+80.40200806E+00,-40.20100403E+00
-194.00E-06,+80.40200806E+00,-80.40200806E+00
-193.00E-06,+80.40200806E+00,-70.35175705E+00
-192.00E-06,+80.40200806E+00,-40.20100403E+00
-191.00E-06,+108.04019833E+00,-50.25125504E+00
-190.00E-06,+80.40200806E+00,-40.20100403E+00
-189.00E-06,+87.93969631E+00,-47.73869228E+00
-188.00E-06,+80.40200806E+00,-40.20100403E+00
-187.00E-06,+80.40200806E+00,-80.40200806E+00
-186.00E-06,+80.40200806E+00,-57.78894329E+00
-185.00E-06,+87.93969631E+00,-80.40200806E+00
-184.00E-06,+80.40200806E+00,-80.40200806E+00
-183.00E-06,+90.45225906E+00,-50.25125504E+00
-182.00E-06,+100.50251007E+00,-80.40200806E+00
-181.00E-06,+120.60301208E+00,-80.40200806E+00
-180.00E-06,+80.40200806E+00,-80.40200806E+00
-179.00E-06,+108.04019833E+00,-80.40200806E+00
-178.00E-06,+80.40200806E+00,-80.40200806E+00
-177.00E-06,+120.60301208E+00,-80.40200806E+00
-176.00E-06,+118.09044933E+00,-40.20100403E+00
-175.00E-06,+80.40200806E+00,-40.20100403E+00
-174.00E-06,+120.60301208E+00,-57.78894329E+00
-173.00E-06,+120.60301208E+00,-40.20100403E+00
-172.00E-06,+120.60301208E+00,-77.88944530E+00
-171.00E-06,+130.65326309E+00,-50.25125504E+00
-170.00E-06,+120.60301208E+00,-40.20100403E+00
-169.00E-06,+120.60301208E+00,-40.20100403E+00
-168.00E-06,+120.60301208E+00,-77.88944530E+00
-167.00E-06,+120.60301208E+00,-40.20100403E+00
-166.00E-06,+120.60301208E+00,-40.20100403E+00
-165.00E-06,+110.55276108E+00,-40.20100403E+00
-164.00E-06,+120.60301208E+00,-40.20100403E+00
-163.00E-06,+120.60301208E+00,-40.20100403E+00
-162.00E-06,+120.60301208E+00,-20.10050201E+00
-161.00E-06,+128.14070034E+00,-30.15075302E+00
-160.00E-06,+120.60301208E+00,-40.20100403E+00
-159.00E-06,+120.60301208E+00,-40.20100403E+00
-158.00E-06,+120.60301208E+00,-40.20100403E+00
-157.00E-06,+120.60301208E+00,-40.20100403E+00
-156.00E-06,+120.60301208E+00,-40.20100403E+00
-155.00E-06,+120.60301208E+00,-27.63819027E+00
-154.00E-06,+140.70351410E+00,-40.20100403E+00
-153.00E-06,+160.80401611E+00,-40.20100403E+00
-152.00E-06,+120.60301208E+00,-40.20100403E+00
-151.00E-06,+120.60301208E+00,-40.20100403E+00
-150.00E-06,+120.60301208E+00,-40.20100403E+00
-149.00E-06,+120.60301208E+00,-40.20100403E+00
-148.00E-06,+118.09044933E+00,-40.20100403E+00
-147.00E-06,+120.60301208E+00,-40.20100403E+00
-146.00E-06,+120.60301208E+00,-17.58793926E+00
-145.00E-06,+120.60301208E+00,-40.20100403E+00
-144.00E-06,+120.60301208E+00,+0.0E+00
-143.00E-06,+90.45225906E+00,-40.20100403E+00
-142.00E-06,+120.60301208E+00,+0.0E+00
-141.00E-06,+120.60301208E+00,-30.15075302E+00
-140.00E-06,+120.60301208E+00,-37.68844128E+00
-139.00E-06,+120.60301208E+00,-40.20100403E+00
-138.00E-06,+120.60301208E+00,-40.20100403E+00
-137.00E-06,+150.75376511E+00,+0.0E+00
-136.00E-06,+120.60301208E+00,+0.0E+00
-135.00E-06,+90.45225906E+00,-27.63819027E+00
-134.00E-06,+97.98994732E+00,+0.0E+00
-133.00E-06,+110.55276108E+00,+0.0E+00
-132.00E-06,+80.40200806E+00,-37.68844128E+00
-131.00E-06,+120.60301208E+00,-27.63819027E+00
-130.00E-06,+97.98994732E+00,-17.58793926E+00
-129.00E-06,+110.55276108E+00,-30.15075302E+00
-128.00E-06,+120.60301208E+00,-40.20100403E+00
-127.00E-06,+120.60301208E+00,-27.63819027E+00
-126.00E-06,+100.50251007E+00,+0.0E+00
-125.00E-06,+80.40200806E+00,-30.15075302E+00
-124.00E-06,+80.40200806E+00,-37.68844128E+00
-123.00E-06,+90.45225906E+00,-10.05025101E+00
-122.00E-06,+80.40200806E+00,+0.0E+00
-121.00E-06,+120.60301208E+00,+0.0E+00
-120.00E-06,+118.09044933E+00,+0.0E+00
-119.00E-06,+90.45225906E+00,+0.0E+00
-118.00E-06,+80.40200806E+00,-17.58793926E+00
-117.00E-06,+110.55276108E+00,-30.15075302E+00
-116.00E-06,+80.40200806E+00,+0.0E+00
-115.00E-06,+80.40200806E+00,-27.63819027E+00
-114.00E-06,+100.50251007E+00,+0.0E+00
-113.00E-06,+80.40200806E+00,-7.53768826E+00
-112.00E-06,+80.40200806E+00,+0.0E+00
-111.00E-06,+80.40200806E+00,+0.0E+00
-110.00E-06,+80.40200806E+00,-20.10050201E+00
-109.00E-06,+80.40200806E+00,-30.15075302E+00
-108.00E-06,+118.09044933E+00,+0.0E+00
-107.00E-06,+80.40200806E+00,+0.0E+00
-106.00E-06,+80.40200806E+00,+0.0E+00
-105.00E-06,+80.40200806E+00,-7.53768826E+00
-104.00E-06,+80.40200806E+00,+0.0E+00
-103.00E-06,+80.40200806E+00,+0.0E+00
-102.00E-06,+80.40200806E+00,+0.0E+00
-101.00E-06,+70.35175705E+00,+0.0E+00
-100.00E-06,+40.20100403E+00,+0.0E+00
-99.00E-06,+40.20100403E+00,+0.0E+00
-98.00E-06,+80.40200806E+00,+0.0E+00
-97.00E-06,+70.35175705E+00,+0.0E+00
-96.00E-06,+40.20100403E+00,+37.68844128E+00
-95.00E-06,+50.25125504E+00,+0.0E+00
-94.00E-06,+20.10050201E+00,+0.0E+00
-93.00E-06,+40.20100403E+00,-7.53768826E+00
-92.00E-06,+77.88944530E+00,+0.0E+00
-91.00E-06,+40.20100403E+00,-27.63819027E+00
-90.00E-06,+40.20100403E+00,+0.0E+00
-89.00E-06,+40.20100403E+00,+0.0E+00
-88.00E-06,+40.20100403E+00,+0.0E+00
-87.00E-06,+40.20100403E+00,+0.0E+00
-86.00E-06,+40.20100403E+00,-17.58793926E+00
-85.00E-06,+40.20100403E+00,+0.0E+00
-84.00E-06,+40.20100403E+00,+0.0E+00
-83.00E-06,+40.20100403E+00,+0.0E+00
-82.00E-06,+60.30150604E+00,+17.58793926E+00
-81.00E-06,+40.20100403E+00,+0.0E+00
-80.00E-06,+0.0E+00,+0.0E+00
-79.00E-06,+40.20100403E+00,+0.0E+00
-78.00E-06,+40.20100403E+00,+0.0E+00
-77.00E-06,+7.53768826E+00,+0.0E+00
-76.00E-06,+40.20100403E+00,+0.0E+00
-75.00E-06,+40.20100403E+00,-10.05025101E+00
-74.00E-06,+40.20100403E+00,+0.0E+00
-73.00E-06,+0.0E+00,-30.15075302E+00
-72.00E-06,+40.20100403E+00,+0.0E+00
-71.00E-06,+40.20100403E+00,-10.05025101E+00
-70.00E-06,+40.20100403E+00,-17.58793926E+00
-69.00E-06,+40.20100403E+00,-40.20100403E+00
-68.00E-06,+0.0E+00,-40.20100403E+00
-67.00E-06,+27.63819027E+00,-10.05025101E+00
-66.00E-06,+17.58793926E+00,-40.20100403E+00
-65.00E-06,+40.20100403E+00,-70.35175705E+00
-64.00E-06,+37.68844128E+00,-40.20100403E+00
-63.00E-06,+27.63819027E+00,-50.25125504E+00
-62.00E-06,+17.58793926E+00,-40.20100403E+00
-61.00E-06,+7.53768826E+00,-80.40200806E+00
-60.00E-06,+37.68844128E+00,-80.40200806E+00
-59.00E-06,+27.63819027E+00,-80.40200806E+00
-58.00E-06,+0.0E+00,-80.40200806E+00
-57.00E-06,+7.53768826E+00,-80.40200806E+00
-56.00E-06,+0.0E+00,-80.40200806E+00
-55.00E-06,+10.05025101E+00,-108.04019833E+00
-54.00E-06,+0.0E+00,-80.40200806E+00
-53.00E-06,+30.15075302E+00,-80.40200806E+00
-52.00E-06,+0.0E+00,-80.40200806E+00
-51.00E-06,-40.20100403E+00,-108.04019833E+00
-50.00E-06,+0.0E+00,-97.98994732E+00
-49.00E-06,+0.0E+00,-120.60301208E+00
-48.00E-06,+0.0E+00,-80.40200806E+00
-47.00E-06,+0.0E+00,-108.04019833E+00
-46.00E-06,+0.0E+00,-100.50251007E+00
-45.00E-06,-7.53768826E+00,-110.55276108E+00
-44.00E-06,+0.0E+00,-120.60301208E+00
-43.00E-06,+0.0E+00,-90.45225906E+00
-42.00E-06,+0.0E+00,-80.40200806E+00
-41.00E-06,+0.0E+00,-110.55276108E+00
-40.00E-06,+0.0E+00,-120.60301208E+00
-39.00E-06,-10.05025101E+00,-120.60301208E+00
-38.00E-06,+0.0E+00,-80.40200806E+00
-37.00E-06,+0.0E+00,-110.55276108E+00
-36.00E-06,+0.0E+00,-118.09044933E+00
-35.00E-06,+0.0E+00,-80.40200806E+00
-34.00E-06,-17.58793926E+00,-80.40200806E+00
-33.00E-06,-7.53768826E+00,-100.50251007E+00
-32.00E-06,-37.68844128E+00,-120.60301208E+00
-31.00E-06,+0.0E+00,-67.83919430E+00
-30.00E-06,+17.58793926E+00,-80.40200806E+00
-29.00E-06,+0.0E+00,-80.40200806E+00
-28.00E-06,+0.0E+00,-80.40200806E+00
-27.00E-06,-27.63819027E+00,-80.40200806E+00
-26.00E-06,+0.0E+00,-80.40200806E+00
-25.00E-06,+0.0E+00,-80.40200806E+00
-24.00E-06,-37.68844128E+00,-77.88944530E+00
-23.00E-06,-27.63819027E+00,-50.25125504E+00
-22.00E-06,+0.0E+00,-80.40200806E+00
-21.00E-06,+7.53768826E+00,-80.40200806E+00
-20.00E-06,+0.0E+00,-40.20100403E+00
-19.00E-06,+0.0E+00,-67.83919430E+00
-18.00E-06,-20.10050201E+00,-40.20100403E+00
-17.00E-06,-30.15075302E+00,-40.20100403E+00
-16.00E-06,+0.0E+00,-40.20100403E+00
-15.00E-06,-10.05025101E+00,-50.25125504E+00
-14.00E-06,+0.0E+00,-60.30150604E+00
-13.00E-06,+0.0E+00,-40.20100403E+00
-12.00E-06,+0.0E+00,-40.20100403E+00
-11.00E-06,-10.05025101E+00,-40.20100403E+00
-10.00E-06,+0.0E+00,-40.20100403E+00
-9.00E-06,+0.0E+00,-40.20100403E+00
-8.00E-06,+0.0E+00,-40.20100403E+00
-7.00E-06,+0.0E+00,-40.20100403E+00
-6.00E-06,+0.0E+00,-57.78894329E+00
-5.00E-06,+30.15075302E+00,-40.20100403E+00
-4.00E-06,+0.0E+00,-80.40200806E+00
-3.00E-06,+0.0E+00,-67.83919430E+00
-2.00E-06,+0.0E+00,-60.30150604E+00
-1.00E-06,+0.0E+00,-47.73869228E+00
+0.0E+00,+0.0E+00,-77.88944530E+00
+1.00E-06,+0.0E+00,-50.25125504E+00
+2.00E-06,+0.0E+00,-57.78894329E+00
+3.00E-06,-30.15075302E+00,-80.40200806E+00
+4.00E-06,+0.0E+00,-40.20100403E+00
+5.00E-06,+10.05025101E+00,-40.20100403E+00
+6.00E-06,-17.58793926E+00,-80.40200806E+00
+7.00E-06,+0.0E+00,-47.73869228E+00
+8.00E-06,+40.20100403E+00,-77.88944530E+00
+9.00E-06,+10.05025101E+00,-40.20100403E+00
+10.00E-06,+17.58793926E+00,-60.30150604E+00
+11.00E-06,+0.0E+00,-47.73869228E+00
+12.00E-06,+0.0E+00,-40.20100403E+00
+13.00E-06,+0.0E+00,-50.25125504E+00
+14.00E-06,+0.0E+00,-40.20100403E+00
+15.00E-06,+0.0E+00,-70.35175705E+00
+16.00E-06,+0.0E+00,-40.20100403E+00
+17.00E-06,+0.0E+00,-80.40200806E+00
+18.00E-06,+0.0E+00,-60.30150604E+00
+19.00E-06,-20.10050201E+00,-40.20100403E+00
+20.00E-06,+37.68844128E+00,-40.20100403E+00
+21.00E-06,+10.05025101E+00,-10.05025101E+00
+22.00E-06,+40.20100403E+00,+0.0E+00
+23.00E-06,+0.0E+00,+30.15075302E+00
+24.00E-06,+40.20100403E+00,+37.68844128E+00
+25.00E-06,+10.05025101E+00,+27.63819027E+00
+26.00E-06,+40.20100403E+00,+40.20100403E+00
+27.00E-06,+40.20100403E+00,+7.53768826E+00
+28.00E-06,+40.20100403E+00,+40.20100403E+00
+29.00E-06,+40.20100403E+00,+40.20100403E+00
+30.00E-06,+60.30150604E+00,+40.20100403E+00
+31.00E-06,+40.20100403E+00,+40.20100403E+00
+32.00E-06,+40.20100403E+00,+0.0E+00
+33.00E-06,+40.20100403E+00,+27.63819027E+00
+34.00E-06,+20.10050201E+00,+40.20100403E+00
+35.00E-06,+40.20100403E+00,+0.0E+00
+36.00E-06,+40.20100403E+00,-37.68844128E+00
+37.00E-06,+10.05025101E+00,-27.63819027E+00
+38.00E-06,+57.78894329E+00,-40.20100403E+00
+39.00E-06,+80.40200806E+00,-40.20100403E+00
+40.00E-06,+80.40200806E+00,-40.20100403E+00
+41.00E-06,+80.40200806E+00,-50.25125504E+00
+42.00E-06,+40.20100403E+00,-80.40200806E+00
+43.00E-06,+40.20100403E+00,-80.40200806E+00
+44.00E-06,+40.20100403E+00,-80.40200806E+00
+45.00E-06,+50.25125504E+00,-120.60301208E+00
+46.00E-06,+40.20100403E+00,-120.60301208E+00
+47.00E-06,+40.20100403E+00,-120.60301208E+00
+48.00E-06,+40.20100403E+00,-120.60301208E+00
+49.00E-06,+40.20100403E+00,-130.65326309E+00
+50.00E-06,+57.78894329E+00,-140.70351410E+00
+51.00E-06,+70.35175705E+00,-190.95476913E+00
+52.00E-06,+40.20100403E+00,-160.80401611E+00
+53.00E-06,+40.20100403E+00,-188.44220638E+00
+54.00E-06,+80.40200806E+00,-178.39195538E+00
+55.00E-06,+80.40200806E+00,-201.00502014E+00
+56.00E-06,+80.40200806E+00,-198.49245739E+00
+57.00E-06,+50.25125504E+00,-188.44220638E+00
+58.00E-06,+60.30150604E+00,-160.80401611E+00
+59.00E-06,+47.73869228E+00,-190.95476913E+00
+60.00E-06,+77.88944530E+00,-160.80401611E+00
+61.00E-06,+80.40200806E+00,-160.80401611E+00
+62.00E-06,+57.78894329E+00,-160.80401611E+00
+63.00E-06,+80.40200806E+00,-168.34170437E+00
+64.00E-06,+80.40200806E+00,-160.80401611E+00
+65.00E-06,+80.40200806E+00,-160.80401611E+00
+66.00E-06,+80.40200806E+00,-120.60301208E+00
+67.00E-06,+47.73869228E+00,-120.60301208E+00
+68.00E-06,+80.40200806E+00,-120.60301208E+00
+69.00E-06,+80.40200806E+00,-120.60301208E+00
+70.00E-06,+80.40200806E+00,-100.50251007E+00
+71.00E-06,+110.55276108E+00,-128.14070034E+00
+72.00E-06,+80.40200806E+00,-80.40200806E+00
+73.00E-06,+67.83919430E+00,-80.40200806E+00
+74.00E-06,+80.40200806E+00,-40.20100403E+00
+75.00E-06,+80.40200806E+00,-80.40200806E+00
+76.00E-06,+80.40200806E+00,-77.88944530E+00
+77.00E-06,+80.40200806E+00,-40.20100403E+00
+78.00E-06,+80.40200806E+00,-40.20100403E+00
+79.00E-06,+80.40200806E+00,-30.15075302E+00
+80.00E-06,+80.40200806E+00,-37.68844128E+00
+81.00E-06,+108.04019833E+00,-10.05025101E+00
+82.00E-06,+80.40200806E+00,-40.20100403E+00
+83.00E-06,+80.40200806E+00,+0.0E+00
+84.00E-06,+80.40200806E+00,+0.0E+00
+85.00E-06,+80.40200806E+00,+27.63819027E+00
+86.00E-06,+80.40200806E+00,+0.0E+00
+87.00E-06,+80.40200806E+00,+30.15075302E+00
+88.00E-06,+80.40200806E+00,+37.68844128E+00
+89.00E-06,+67.83919430E+00,+0.0E+00
+90.00E-06,+80.40200806E+00,+0.0E+00
+91.00E-06,+87.93969631E+00,+0.0E+00
+92.00E-06,+80.40200806E+00,+0.0E+00
+93.00E-06,+80.40200806E+00,+27.63819027E+00
+94.00E-06,+80.40200806E+00,+20.10050201E+00
+95.00E-06,+70.35175705E+00,+30.15075302E+00
+96.00E-06,+80.40200806E+00,+0.0E+00
+97.00E-06,+80.40200806E+00,+0.0E+00
+98.00E-06,+80.40200806E+00,+0.0E+00
+99.00E-06,+80.40200806E+00,+0.0E+00
+100.00E-06,+80.40200806E+00,+0.0E+00
+101.00E-06,+90.45225906E+00,+10.05025101E+00
+102.00E-06,+100.50251007E+00,-40.20100403E+00
+103.00E-06,+80.40200806E+00,-30.15075302E+00
+104.00E-06,+80.40200806E+00,-40.20100403E+00
+105.00E-06,+80.40200806E+00,-40.20100403E+00
+106.00E-06,+100.50251007E+00,-40.20100403E+00
+107.00E-06,+70.35175705E+00,-47.73869228E+00
+108.00E-06,+77.88944530E+00,-77.88944530E+00
+109.00E-06,+80.40200806E+00,-60.30150604E+00
+110.00E-06,+97.98994732E+00,-80.40200806E+00
+111.00E-06,+80.40200806E+00,-80.40200806E+00
+112.00E-06,+80.40200806E+00,-80.40200806E+00
+113.00E-06,+50.25125504E+00,-80.40200806E+00
+114.00E-06,+60.30150604E+00,-120.60301208E+00
+115.00E-06,+80.40200806E+00,-87.93969631E+00
+116.00E-06,+80.40200806E+00,-120.60301208E+00
+117.00E-06,+50.25125504E+00,-120.60301208E+00
+118.00E-06,+80.40200806E+00,-100.50251007E+00
+119.00E-06,+70.35175705E+00,-120.60301208E+00
+120.00E-06,+40.20100403E+00,-120.60301208E+00
+121.00E-06,+80.40200806E+00,-120.60301208E+00
+122.00E-06,+80.40200806E+00,-120.60301208E+00
+123.00E-06,+80.40200806E+00,-120.60301208E+00
+124.00E-06,+40.20100403E+00,-158.29145336E+00
+125.00E-06,+80.40200806E+00,-130.65326309E+00
+126.00E-06,+80.40200806E+00,-160.80401611E+00
+127.00E-06,+47.73869228E+00,-160.80401611E+00
+128.00E-06,+40.20100403E+00,-160.80401611E+00
+129.00E-06,+40.20100403E+00,-160.80401611E+00
+130.00E-06,+40.20100403E+00,-160.80401611E+00
+131.00E-06,+40.20100403E+00,-201.00502014E+00
+132.00E-06,+40.20100403E+00,-201.00502014E+00
+133.00E-06,+40.20100403E+00,-201.00502014E+00
+134.00E-06,+17.58793926E+00,-201.00502014E+00
+135.00E-06,+7.53768826E+00,-168.34170437E+00
+136.00E-06,+0.0E+00,-201.00502014E+00
+137.00E-06,+27.63819027E+00,-201.00502014E+00
+138.00E-06,+0.0E+00,-178.39195538E+00
+139.00E-06,+7.53768826E+00,-201.00502014E+00
+140.00E-06,+37.68844128E+00,-198.49245739E+00
+141.00E-06,+0.0E+00,-201.00502014E+00
+142.00E-06,+0.0E+00,-160.80401611E+00
+143.00E-06,-7.53768826E+00,-190.95476913E+00
+144.00E-06,-37.68844128E+00,-160.80401611E+00
+145.00E-06,-40.20100403E+00,-130.65326309E+00
+146.00E-06,+0.0E+00,-160.80401611E+00
+147.00E-06,-40.20100403E+00,-128.14070034E+00
+148.00E-06,-37.68844128E+00,-120.60301208E+00
+149.00E-06,+0.0E+00,-120.60301208E+00
+150.00E-06,-40.20100403E+00,-80.40200806E+00
+151.00E-06,-40.20100403E+00,-100.50251007E+00
+152.00E-06,-40.20100403E+00,-77.88944530E+00
+153.00E-06,-40.20100403E+00,-50.25125504E+00
+154.00E-06,-40.20100403E+00,-40.20100403E+00
+155.00E-06,-40.20100403E+00,-40.20100403E+00
+156.00E-06,-40.20100403E+00,+0.0E+00
+157.00E-06,-40.20100403E+00,-40.20100403E+00
+158.00E-06,-40.20100403E+00,-20.10050201E+00
+159.00E-06,-70.35175705E+00,+7.53768826E+00
+160.00E-06,-77.88944530E+00,+40.20100403E+00
+161.00E-06,-80.40200806E+00,+40.20100403E+00
+162.00E-06,-60.30150604E+00,+57.78894329E+00
+163.00E-06,-40.20100403E+00,+80.40200806E+00
+164.00E-06,-77.88944530E+00,+80.40200806E+00
+165.00E-06,-10.05025101E+00,+108.04019833E+00
+166.00E-06,-60.30150604E+00,+120.60301208E+00
+167.00E-06,-40.20100403E+00,+120.60301208E+00
+168.00E-06,-80.40200806E+00,+120.60301208E+00
+169.00E-06,-67.83919430E+00,+120.60301208E+00
+170.00E-06,-40.20100403E+00,+138.19095135E+00
+171.00E-06,-80.40200806E+00,+160.80401611E+00
+172.00E-06,-80.40200806E+00,+158.29145336E+00
+173.00E-06,-50.25125504E+00,+160.80401611E+00
+174.00E-06,-80.40200806E+00,+138.19095135E+00
+175.00E-06,-80.40200806E+00,+150.75376511E+00
+176.00E-06,-77.88944530E+00,+120.60301208E+00
+177.00E-06,-80.40200806E+00,+148.24120235E+00
+178.00E-06,-80.40200806E+00,+120.60301208E+00
+179.00E-06,-80.40200806E+00,+120.60301208E+00
+180.00E-06,-80.40200806E+00,+80.40200806E+00
+181.00E-06,-90.45225906E+00,+80.40200806E+00
+182.00E-06,-80.40200806E+00,+80.40200806E+00
+183.00E-06,-80.40200806E+00,+80.40200806E+00
+184.00E-06,-40.20100403E+00,+40.20100403E+00
+185.00E-06,-67.83919430E+00,+40.20100403E+00
+186.00E-06,-80.40200806E+00,+17.58793926E+00
+187.00E-06,-80.40200806E+00,+7.53768826E+00
+188.00E-06,-80.40200806E+00,-37.68844128E+00
+189.00E-06,-80.40200806E+00,-40.20100403E+00
+190.00E-06,-80.40200806E+00,-40.20100403E+00
+191.00E-06,-80.40200806E+00,-70.35175705E+00
+192.00E-06,-80.40200806E+00,-118.09044933E+00
+193.00E-06,-90.45225906E+00,-108.04019833E+00
+194.00E-06,-100.50251007E+00,-120.60301208E+00
+195.00E-06,-87.93969631E+00,-120.60301208E+00
+196.00E-06,-118.09044933E+00,-160.80401611E+00
+197.00E-06,-80.40200806E+00,-160.80401611E+00
+198.00E-06,-97.98994732E+00,-201.00502014E+00
+199.00E-06,-80.40200806E+00,-201.00502014E+00
+200.00E-06,-80.40200806E+00,-201.00502014E+00
+201.00E-06,-108.04019833E+00,-201.00502014E+00
+202.00E-06,-80.40200806E+00,-221.10552216E+00
+203.00E-06,-80.40200806E+00,-208.54270840E+00
+204.00E-06,-80.40200806E+00,-238.69346142E+00
+205.00E-06,-67.83919430E+00,-241.20602417E+00
+206.00E-06,-80.40200806E+00,-218.59295940E+00
+207.00E-06,-40.20100403E+00,-248.74371243E+00
+208.00E-06,-80.40200806E+00,-241.20602417E+00
+209.00E-06,-80.40200806E+00,-241.20602417E+00
+210.00E-06,-60.30150604E+00,-241.20602417E+00
+211.00E-06,-80.40200806E+00,-241.20602417E+00
+212.00E-06,-40.20100403E+00,-201.00502014E+00
+213.00E-06,-67.83919430E+00,-211.05527115E+00
+214.00E-06,-40.20100403E+00,-201.00502014E+00
+215.00E-06,-40.20100403E+00,-208.54270840E+00
+216.00E-06,-40.20100403E+00,-238.69346142E+00
+217.00E-06,-40.20100403E+00,-201.00502014E+00
+218.00E-06,-40.20100403E+00,-201.00502014E+00
+219.00E-06,-40.20100403E+00,-168.34170437E+00
+220.00E-06,-40.20100403E+00,-198.49245739E+00
+221.00E-06,-40.20100403E+00,-160.80401611E+00
+222.00E-06,-20.10050201E+00,-160.80401611E+00
+223.00E-06,-40.20100403E+00,-128.14070034E+00
+224.00E-06,+0.0E+00,-120.60301208E+00
+225.00E-06,+0.0E+00,-120.60301208E+00
+226.00E-06,+20.10050201E+00,-120.60301208E+00
+227.00E-06,+0.0E+00,-110.55276108E+00
+228.00E-06,+37.68844128E+00,-80.40200806E+00
+229.00E-06,+0.0E+00,-108.04019833E+00
+230.00E-06,+40.20100403E+00,-80.40200806E+00
+231.00E-06,+40.20100403E+00,-80.40200806E+00
+232.00E-06,+40.20100403E+00,-77.88944530E+00
+233.00E-06,+0.0E+00,-80.40200806E+00
+234.00E-06,+40.20100403E+00,-40.20100403E+00
+235.00E-06,+40.20100403E+00,-40.20100403E+00
+236.00E-06,+40.20100403E+00,-40.20100403E+00
+237.00E-06,+67.83919430E+00,-40.20100403E+00
+238.00E-06,+60.30150604E+00,+0.0E+00
+239.00E-06,+40.20100403E+00,-30.15075302E+00
+240.00E-06,+40.20100403E+00,+0.0E+00
+241.00E-06,+50.25125504E+00,+0.0E+00
+242.00E-06,+60.30150604E+00,+0.0E+00
+243.00E-06,+80.40200806E+00,+0.0E+00
+244.00E-06,+77.88944530E+00,+40.20100403E+00
+245.00E-06,+80.40200806E+00,+27.63819027E+00
+246.00E-06,+97.98994732E+00,+0.0E+00
+247.00E-06,+80.40200806E+00,+40.20100403E+00
+248.00E-06,+80.40200806E+00,+37.68844128E+00
+249.00E-06,+120.60301208E+00,+0.0E+00
+250.00E-06,+120.60301208E+00,+0.0E+00
+251.00E-06,+120.60301208E+00,+30.15075302E+00
+252.00E-06,+158.29145336E+00,+40.20100403E+00
+253.00E-06,+90.45225906E+00,+10.05025101E+00
+254.00E-06,+120.60301208E+00,+20.10050201E+00
+255.00E-06,+120.60301208E+00,+0.0E+00
+256.00E-06,+120.60301208E+00,+37.68844128E+00
+257.00E-06,+160.80401611E+00,-27.63819027E+00
+258.00E-06,+160.80401611E+00,+0.0E+00
+259.00E-06,+160.80401611E+00,+40.20100403E+00
+260.00E-06,+158.29145336E+00,+0.0E+00
+261.00E-06,+160.80401611E+00,+0.0E+00
+262.00E-06,+160.80401611E+00,-17.58793926E+00
+263.00E-06,+168.34170437E+00,-7.53768826E+00
+264.00E-06,+160.80401611E+00,-40.20100403E+00
+265.00E-06,+160.80401611E+00,-40.20100403E+00
+266.00E-06,+201.00502014E+00,-80.40200806E+00
+267.00E-06,+201.00502014E+00,-110.55276108E+00
+268.00E-06,+198.49245739E+00,-120.60301208E+00
+269.00E-06,+201.00502014E+00,-160.80401611E+00
+270.00E-06,+160.80401611E+00,-201.00502014E+00
+271.00E-06,+190.95476913E+00,-208.54270840E+00
+272.00E-06,+160.80401611E+00,-241.20602417E+00
+273.00E-06,+170.85426712E+00,-321.60803223E+00
+274.00E-06,+160.80401611E+00,-361.80903625E+00
+275.00E-06,+201.00502014E+00,-409.54772854E+00
+276.00E-06,+201.00502014E+00,-442.21104431E+00
+277.00E-06,+160.80401611E+00,-522.61305237E+00
+278.00E-06,+160.80401611E+00,-540.20099163E+00
+279.00E-06,+160.80401611E+00,-592.96480942E+00
+280.00E-06,+160.80401611E+00,-643.21606445E+00
+281.00E-06,+160.80401611E+00,-653.26631546E+00
+282.00E-06,+160.80401611E+00,-723.61807251E+00
+283.00E-06,+128.14070034E+00,-763.81907654E+00
+284.00E-06,+120.60301208E+00,-763.81907654E+00
+285.00E-06,+160.80401611E+00,-804.02008057E+00
+286.00E-06,+140.70351410E+00,-723.61807251E+00
+287.00E-06,+160.80401611E+00,-723.61807251E+00
+288.00E-06,+160.80401611E+00,-683.41706848E+00
+289.00E-06,+160.80401611E+00,-643.21606445E+00
+290.00E-06,+140.70351410E+00,-623.11556244E+00
+291.00E-06,+150.75376511E+00,-603.01506042E+00
+292.00E-06,+158.29145336E+00,-562.81405640E+00
+293.00E-06,+148.24120235E+00,-522.61305237E+00
+294.00E-06,+140.70351410E+00,-499.99998760E+00
+295.00E-06,+150.75376511E+00,-522.61305237E+00
+296.00E-06,+80.40200806E+00,-482.41204834E+00
+297.00E-06,+148.24120235E+00,-442.21104431E+00
+298.00E-06,+120.60301208E+00,-442.21104431E+00
+299.00E-06,+150.75376511E+00,-432.16079330E+00
+300.00E-06,+120.60301208E+00,-402.01004028E+00
+301.00E-06,+120.60301208E+00,-402.01004028E+00
+302.00E-06,+100.50251007E+00,-402.01004028E+00
+303.00E-06,+120.60301208E+00,-361.80903625E+00
+304.00E-06,+80.40200806E+00,-321.60803223E+00
+305.00E-06,+120.60301208E+00,-321.60803223E+00
+306.00E-06,+100.50251007E+00,-321.60803223E+00
+307.00E-06,+87.93969631E+00,-281.40702820E+00
+308.00E-06,+80.40200806E+00,-281.40702820E+00
+309.00E-06,+80.40200806E+00,-228.64321041E+00
+310.00E-06,+57.78894329E+00,-221.10552216E+00
+311.00E-06,+47.73869228E+00,-201.00502014E+00
+312.00E-06,+40.20100403E+00,-160.80401611E+00
+313.00E-06,+80.40200806E+00,-160.80401611E+00
+314.00E-06,+57.78894329E+00,-120.60301208E+00
+315.00E-06,+70.35175705E+00,-128.14070034E+00
+316.00E-06,+77.88944530E+00,-118.09044933E+00
+317.00E-06,+27.63819027E+00,-90.45225906E+00
+318.00E-06,+17.58793926E+00,-80.40200806E+00
+319.00E-06,+40.20100403E+00,-120.60301208E+00
+320.00E-06,+37.68844128E+00,-77.88944530E+00
+321.00E-06,+0.0E+00,-80.40200806E+00
+322.00E-06,+0.0E+00,-57.78894329E+00
+323.00E-06,+0.0E+00,-70.35175705E+00
+324.00E-06,+0.0E+00,-40.20100403E+00
+325.00E-06,+0.0E+00,-40.20100403E+00
+326.00E-06,+0.0E+00,-57.78894329E+00
+327.00E-06,-30.15075302E+00,-40.20100403E+00
+328.00E-06,+0.0E+00,-40.20100403E+00
+329.00E-06,-40.20100403E+00,-40.20100403E+00
+330.00E-06,-60.30150604E+00,-17.58793926E+00
+331.00E-06,-40.20100403E+00,-30.15075302E+00
+332.00E-06,-40.20100403E+00,+0.0E+00
+333.00E-06,-40.20100403E+00,+0.0E+00
+334.00E-06,-80.40200806E+00,-17.58793926E+00
+335.00E-06,-47.73869228E+00,+0.0E+00
+336.00E-06,-77.88944530E+00,+0.0E+00
+337.00E-06,-67.83919430E+00,+0.0E+00
+338.00E-06,-80.40200806E+00,+0.0E+00
+339.00E-06,-80.40200806E+00,+0.0E+00
+340.00E-06,-80.40200806E+00,+0.0E+00
+341.00E-06,-80.40200806E+00,-40.20100403E+00
+342.00E-06,-80.40200806E+00,+0.0E+00
+343.00E-06,-87.93969631E+00,-30.15075302E+00
+344.00E-06,-120.60301208E+00,+0.0E+00
+345.00E-06,-120.60301208E+00,-27.63819027E+00
+346.00E-06,-140.70351410E+00,-40.20100403E+00
+347.00E-06,-120.60301208E+00,+0.0E+00
+348.00E-06,-120.60301208E+00,+0.0E+00
+349.00E-06,-120.60301208E+00,-50.25125504E+00
+350.00E-06,-138.19095135E+00,-40.20100403E+00
+351.00E-06,-128.14070034E+00,-70.35175705E+00
+352.00E-06,-120.60301208E+00,-80.40200806E+00
+353.00E-06,-148.24120235E+00,-80.40200806E+00
+354.00E-06,-120.60301208E+00,-80.40200806E+00
+355.00E-06,-128.14070034E+00,-80.40200806E+00
+356.00E-06,-160.80401611E+00,-80.40200806E+00
+357.00E-06,-160.80401611E+00,-80.40200806E+00
+358.00E-06,-178.39195538E+00,-120.60301208E+00
+359.00E-06,-160.80401611E+00,-150.75376511E+00
+360.00E-06,-160.80401611E+00,-120.60301208E+00
+361.00E-06,-160.80401611E+00,-130.65326309E+00
+362.00E-06,-160.80401611E+00,-140.70351410E+00
+363.00E-06,-160.80401611E+00,-160.80401611E+00
+364.00E-06,-160.80401611E+00,-160.80401611E+00
+365.00E-06,-160.80401611E+00,-160.80401611E+00
+366.00E-06,-160.80401611E+00,-201.00502014E+00
+367.00E-06,-160.80401611E+00,-190.95476913E+00
+368.00E-06,-160.80401611E+00,-201.00502014E+00
+369.00E-06,-201.00502014E+00,-188.44220638E+00
+370.00E-06,-178.39195538E+00,-201.00502014E+00
+371.00E-06,-160.80401611E+00,-201.00502014E+00
+372.00E-06,-160.80401611E+00,-201.00502014E+00
+373.00E-06,-188.44220638E+00,-201.00502014E+00
+374.00E-06,-160.80401611E+00,-201.00502014E+00
+375.00E-06,-160.80401611E+00,-190.95476913E+00
+376.00E-06,-160.80401611E+00,-241.20602417E+00
+377.00E-06,-188.44220638E+00,-201.00502014E+00
+378.00E-06,-178.39195538E+00,-201.00502014E+00
+379.00E-06,-168.34170437E+00,-201.00502014E+00
+380.00E-06,-160.80401611E+00,-201.00502014E+00
+381.00E-06,-160.80401611E+00,-201.00502014E+00
+382.00E-06,-180.90451813E+00,-160.80401611E+00
+383.00E-06,-160.80401611E+00,-168.34170437E+00
+384.00E-06,-160.80401611E+00,-160.80401611E+00
+385.00E-06,-148.24120235E+00,-170.85426712E+00
+386.00E-06,-160.80401611E+00,-160.80401611E+00
+387.00E-06,-168.34170437E+00,-190.95476913E+00
+388.00E-06,-160.80401611E+00,-160.80401611E+00
+389.00E-06,-160.80401611E+00,-160.80401611E+00
+390.00E-06,-138.19095135E+00,-160.80401611E+00
+391.00E-06,-150.75376511E+00,-160.80401611E+00
+392.00E-06,-160.80401611E+00,-160.80401611E+00
+393.00E-06,-120.60301208E+00,-148.24120235E+00
+394.00E-06,-138.19095135E+00,-138.19095135E+00
+395.00E-06,-128.14070034E+00,-120.60301208E+00
+396.00E-06,-120.60301208E+00,-158.29145336E+00
+397.00E-06,-160.80401611E+00,-90.45225906E+00
+398.00E-06,-120.60301208E+00,-120.60301208E+00
+399.00E-06,-120.60301208E+00,-87.93969631E+00
+400.00E-06,-120.60301208E+00,-80.40200806E+00
+401.00E-06,-108.04019833E+00,-108.04019833E+00
+402.00E-06,-97.98994732E+00,-100.50251007E+00
+403.00E-06,-80.40200806E+00,-110.55276108E+00
+404.00E-06,-80.40200806E+00,-80.40200806E+00
+405.00E-06,-120.60301208E+00,-108.04019833E+00
+406.00E-06,-80.40200806E+00,-60.30150604E+00
+407.00E-06,-80.40200806E+00,-80.40200806E+00
+408.00E-06,-80.40200806E+00,-77.88944530E+00
+409.00E-06,-80.40200806E+00,-50.25125504E+00
+410.00E-06,-40.20100403E+00,-60.30150604E+00
+411.00E-06,-80.40200806E+00,-47.73869228E+00
+412.00E-06,-77.88944530E+00,-77.88944530E+00
+413.00E-06,-67.83919430E+00,-80.40200806E+00
+414.00E-06,-40.20100403E+00,-60.30150604E+00
+415.00E-06,-40.20100403E+00,-47.73869228E+00
+416.00E-06,-40.20100403E+00,-77.88944530E+00
+417.00E-06,-40.20100403E+00,-40.20100403E+00
+418.00E-06,-17.58793926E+00,-20.10050201E+00
+419.00E-06,-7.53768826E+00,-40.20100403E+00
+420.00E-06,+0.0E+00,-40.20100403E+00
+421.00E-06,+0.0E+00,-40.20100403E+00
+422.00E-06,-17.58793926E+00,-60.30150604E+00
+423.00E-06,+0.0E+00,-30.15075302E+00
+424.00E-06,+0.0E+00,-40.20100403E+00
+425.00E-06,+40.20100403E+00,-10.05025101E+00
+426.00E-06,+40.20100403E+00,-40.20100403E+00
+427.00E-06,+7.53768826E+00,-7.53768826E+00
+428.00E-06,+40.20100403E+00,+0.0E+00
+429.00E-06,+40.20100403E+00,-10.05025101E+00
+430.00E-06,+40.20100403E+00,-40.20100403E+00
+431.00E-06,+47.73869228E+00,+0.0E+00
+432.00E-06,+40.20100403E+00,-40.20100403E+00
+433.00E-06,+67.83919430E+00,-40.20100403E+00
+434.00E-06,+60.30150604E+00,-60.30150604E+00
+435.00E-06,+80.40200806E+00,-30.15075302E+00
+436.00E-06,+80.40200806E+00,-40.20100403E+00
+437.00E-06,+90.45225906E+00,-27.63819027E+00
+438.00E-06,+97.98994732E+00,-40.20100403E+00
+439.00E-06,+110.55276108E+00,-40.20100403E+00
+440.00E-06,+80.40200806E+00,-40.20100403E+00
+441.00E-06,+138.19095135E+00,-40.20100403E+00
+442.00E-06,+97.98994732E+00,-40.20100403E+00
+443.00E-06,+87.93969631E+00,-40.20100403E+00
+444.00E-06,+120.60301208E+00,-40.20100403E+00
+445.00E-06,+120.60301208E+00,-80.40200806E+00
+446.00E-06,+120.60301208E+00,-60.30150604E+00
+447.00E-06,+120.60301208E+00,-47.73869228E+00
+448.00E-06,+158.29145336E+00,-77.88944530E+00
+449.00E-06,+160.80401611E+00,-90.45225906E+00
+450.00E-06,+138.19095135E+00,-80.40200806E+00
+451.00E-06,+160.80401611E+00,-80.40200806E+00
+452.00E-06,+120.60301208E+00,-80.40200806E+00
+453.00E-06,+148.24120235E+00,-80.40200806E+00
+454.00E-06,+178.39195538E+00,-80.40200806E+00
+455.00E-06,+160.80401611E+00,-80.40200806E+00
+456.00E-06,+160.80401611E+00,-80.40200806E+00
+457.00E-06,+160.80401611E+00,-90.45225906E+00
+458.00E-06,+180.90451813E+00,-80.40200806E+00
+459.00E-06,+190.95476913E+00,-47.73869228E+00
+460.00E-06,+158.29145336E+00,-80.40200806E+00
+461.00E-06,+188.44220638E+00,-80.40200806E+00
+462.00E-06,+201.00502014E+00,-80.40200806E+00
+463.00E-06,+190.95476913E+00,-80.40200806E+00
+464.00E-06,+160.80401611E+00,-118.09044933E+00
+465.00E-06,+188.44220638E+00,-80.40200806E+00
+466.00E-06,+201.00502014E+00,-80.40200806E+00
+467.00E-06,+168.34170437E+00,-80.40200806E+00
+468.00E-06,+201.00502014E+00,-40.20100403E+00
+469.00E-06,+201.00502014E+00,-67.83919430E+00
+470.00E-06,+201.00502014E+00,-80.40200806E+00
+471.00E-06,+201.00502014E+00,-70.35175705E+00
+472.00E-06,+201.00502014E+00,-40.20100403E+00
+473.00E-06,+201.00502014E+00,+0.0E+00
+474.00E-06,+201.00502014E+00,+0.0E+00
+475.00E-06,+208.54270840E+00,+0.0E+00
+476.00E-06,+238.69346142E+00,+0.0E+00
+477.00E-06,+201.00502014E+00,+27.63819027E+00
+478.00E-06,+221.10552216E+00,+20.10050201E+00
+479.00E-06,+241.20602417E+00,+40.20100403E+00
+480.00E-06,+201.00502014E+00,+40.20100403E+00
+481.00E-06,+241.20602417E+00,+40.20100403E+00
+482.00E-06,+241.20602417E+00,+40.20100403E+00
+483.00E-06,+241.20602417E+00,+7.53768826E+00
+484.00E-06,+241.20602417E+00,+40.20100403E+00
+485.00E-06,+228.64321041E+00,+40.20100403E+00
+486.00E-06,+241.20602417E+00,+0.0E+00
+487.00E-06,+231.15577316E+00,+40.20100403E+00
+488.00E-06,+201.00502014E+00,+0.0E+00
+489.00E-06,+211.05527115E+00,+40.20100403E+00
+490.00E-06,+241.20602417E+00,+0.0E+00
+491.00E-06,+241.20602417E+00,+0.0E+00
+492.00E-06,+241.20602417E+00,+0.0E+00
+493.00E-06,+241.20602417E+00,-27.63819027E+00
+494.00E-06,+201.00502014E+00,-20.10050201E+00
+495.00E-06,+231.15577316E+00,-40.20100403E+00
+496.00E-06,+201.00502014E+00,-77.88944530E+00
+497.00E-06,+201.00502014E+00,-67.83919430E+00
+498.00E-06,+221.10552216E+00,-57.78894329E+00
+499.00E-06,+208.54270840E+00,-80.40200806E+00
+500.00E-06,+201.00502014E+00,-80.40200806E+00
+501.00E-06,+211.05527115E+00,-80.40200806E+00
+502.00E-06,+221.10552216E+00,-97.98994732E+00
+503.00E-06,+201.00502014E+00,-110.55276108E+00
+504.00E-06,+160.80401611E+00,-120.60301208E+00
+505.00E-06,+201.00502014E+00,-120.60301208E+00
+506.00E-06,+180.90451813E+00,-120.60301208E+00
+507.00E-06,+201.00502014E+00,-120.60301208E+00
+508.00E-06,+160.80401611E+00,-120.60301208E+00
+509.00E-06,+160.80401611E+00,-120.60301208E+00
+510.00E-06,+180.90451813E+00,-120.60301208E+00
+511.00E-06,+201.00502014E+00,-120.60301208E+00
+512.00E-06,+198.49245739E+00,-120.60301208E+00
+513.00E-06,+201.00502014E+00,-120.60301208E+00
+514.00E-06,+178.39195538E+00,-140.70351410E+00
+515.00E-06,+168.34170437E+00,-120.60301208E+00
+516.00E-06,+160.80401611E+00,-120.60301208E+00
+517.00E-06,+201.00502014E+00,-80.40200806E+00
+518.00E-06,+160.80401611E+00,-100.50251007E+00
+519.00E-06,+160.80401611E+00,-110.55276108E+00
+520.00E-06,+160.80401611E+00,-80.40200806E+00
+521.00E-06,+160.80401611E+00,-80.40200806E+00
+522.00E-06,+160.80401611E+00,-57.78894329E+00
+523.00E-06,+120.60301208E+00,-80.40200806E+00
+524.00E-06,+120.60301208E+00,-40.20100403E+00
+525.00E-06,+148.24120235E+00,-10.05025101E+00
+526.00E-06,+160.80401611E+00,-40.20100403E+00
+527.00E-06,+120.60301208E+00,-40.20100403E+00
+528.00E-06,+120.60301208E+00,+0.0E+00
+529.00E-06,+120.60301208E+00,+0.0E+00
+530.00E-06,+120.60301208E+00,+0.0E+00
+531.00E-06,+120.60301208E+00,+0.0E+00
+532.00E-06,+80.40200806E+00,+0.0E+00
+533.00E-06,+120.60301208E+00,+10.05025101E+00
+534.00E-06,+97.98994732E+00,+40.20100403E+00
+535.00E-06,+120.60301208E+00,+40.20100403E+00
+536.00E-06,+118.09044933E+00,+80.40200806E+00
+537.00E-06,+80.40200806E+00,+40.20100403E+00
+538.00E-06,+100.50251007E+00,+40.20100403E+00
+539.00E-06,+80.40200806E+00,+40.20100403E+00
+540.00E-06,+80.40200806E+00,+40.20100403E+00
+541.00E-06,+80.40200806E+00,+10.05025101E+00
+542.00E-06,+80.40200806E+00,+40.20100403E+00
+543.00E-06,+80.40200806E+00,+40.20100403E+00
+544.00E-06,+80.40200806E+00,+0.0E+00
+545.00E-06,+80.40200806E+00,-27.63819027E+00
+546.00E-06,+40.20100403E+00,-20.10050201E+00
+547.00E-06,+47.73869228E+00,-30.15075302E+00
+548.00E-06,+40.20100403E+00,-40.20100403E+00
+549.00E-06,+50.25125504E+00,-27.63819027E+00
+550.00E-06,+40.20100403E+00,-60.30150604E+00
+551.00E-06,+30.15075302E+00,-40.20100403E+00
+552.00E-06,+40.20100403E+00,-80.40200806E+00
+553.00E-06,+40.20100403E+00,-80.40200806E+00
+554.00E-06,+0.0E+00,-80.40200806E+00
+555.00E-06,+30.15075302E+00,-80.40200806E+00
+556.00E-06,+0.0E+00,-80.40200806E+00
+557.00E-06,+0.0E+00,-108.04019833E+00
+558.00E-06,+0.0E+00,-80.40200806E+00
+559.00E-06,-7.53768826E+00,-80.40200806E+00
+560.00E-06,+0.0E+00,-80.40200806E+00
+561.00E-06,-10.05025101E+00,-108.04019833E+00
+562.00E-06,-40.20100403E+00,-80.40200806E+00
+563.00E-06,-40.20100403E+00,-87.93969631E+00
+564.00E-06,+0.0E+00,-80.40200806E+00
+565.00E-06,-40.20100403E+00,-80.40200806E+00
+566.00E-06,-57.78894329E+00,-100.50251007E+00
+567.00E-06,-47.73869228E+00,-70.35175705E+00
+568.00E-06,-40.20100403E+00,-40.20100403E+00
+569.00E-06,-40.20100403E+00,-50.25125504E+00
+570.00E-06,-40.20100403E+00,-40.20100403E+00
+571.00E-06,-47.73869228E+00,-40.20100403E+00
+572.00E-06,-40.20100403E+00,-40.20100403E+00
+573.00E-06,-50.25125504E+00,+10.05025101E+00
+574.00E-06,-80.40200806E+00,+0.0E+00
+575.00E-06,-80.40200806E+00,+40.20100403E+00
+576.00E-06,-80.40200806E+00,+40.20100403E+00
+577.00E-06,-50.25125504E+00,+50.25125504E+00
+578.00E-06,-80.40200806E+00,+57.78894329E+00
+579.00E-06,-80.40200806E+00,+80.40200806E+00
+580.00E-06,-80.40200806E+00,+118.09044933E+00
+581.00E-06,-80.40200806E+00,+80.40200806E+00
+582.00E-06,-80.40200806E+00,+97.98994732E+00
+583.00E-06,-87.93969631E+00,+120.60301208E+00
+584.00E-06,-80.40200806E+00,+120.60301208E+00
+585.00E-06,-80.40200806E+00,+120.60301208E+00
+586.00E-06,-80.40200806E+00,+138.19095135E+00
+587.00E-06,-80.40200806E+00,+128.14070034E+00
+588.00E-06,-80.40200806E+00,+160.80401611E+00
+589.00E-06,-80.40200806E+00,+160.80401611E+00
+590.00E-06,-80.40200806E+00,+180.90451813E+00
+591.00E-06,-70.35175705E+00,+168.34170437E+00
+592.00E-06,-118.09044933E+00,+160.80401611E+00
+593.00E-06,-90.45225906E+00,+148.24120235E+00
+594.00E-06,-80.40200806E+00,+160.80401611E+00
+595.00E-06,-87.93969631E+00,+160.80401611E+00
+596.00E-06,-80.40200806E+00,+160.80401611E+00
+597.00E-06,-90.45225906E+00,+130.65326309E+00
+598.00E-06,-80.40200806E+00,+120.60301208E+00
+599.00E-06,-120.60301208E+00,+120.60301208E+00
+600.00E-06,-80.40200806E+00,+120.60301208E+00
+601.00E-06,-90.45225906E+00,+120.60301208E+00
+602.00E-06,-97.98994732E+00,+120.60301208E+00
+603.00E-06,-110.55276108E+00,+87.93969631E+00
+604.00E-06,-80.40200806E+00,+118.09044933E+00
+605.00E-06,-80.40200806E+00,+80.40200806E+00
+606.00E-06,-80.40200806E+00,+57.78894329E+00
+607.00E-06,-87.93969631E+00,+7.53768826E+00
+608.00E-06,-80.40200806E+00,+40.20100403E+00
+609.00E-06,-80.40200806E+00,+27.63819027E+00
+610.00E-06,-100.50251007E+00,+0.0E+00
+611.00E-06,-120.60301208E+00,+0.0E+00
+612.00E-06,-118.09044933E+00,-40.20100403E+00
+613.00E-06,-90.45225906E+00,-40.20100403E+00
+614.00E-06,-80.40200806E+00,-40.20100403E+00
+615.00E-06,-120.60301208E+00,-70.35175705E+00
+616.00E-06,-120.60301208E+00,-80.40200806E+00
+617.00E-06,-108.04019833E+00,-108.04019833E+00
+618.00E-06,-100.50251007E+00,-80.40200806E+00
+619.00E-06,-120.60301208E+00,-80.40200806E+00
+620.00E-06,-118.09044933E+00,-80.40200806E+00
+621.00E-06,-80.40200806E+00,-90.45225906E+00
+622.00E-06,-80.40200806E+00,-120.60301208E+00
+623.00E-06,-80.40200806E+00,-110.55276108E+00
+624.00E-06,-80.40200806E+00,-80.40200806E+00
+625.00E-06,-50.25125504E+00,-80.40200806E+00
+626.00E-06,-80.40200806E+00,-120.60301208E+00
+627.00E-06,-80.40200806E+00,-80.40200806E+00
+628.00E-06,-80.40200806E+00,-80.40200806E+00
+629.00E-06,-50.25125504E+00,-80.40200806E+00
+630.00E-06,-80.40200806E+00,-80.40200806E+00
+631.00E-06,-40.20100403E+00,-70.35175705E+00
+632.00E-06,-40.20100403E+00,-80.40200806E+00
+633.00E-06,-50.25125504E+00,-50.25125504E+00
+634.00E-06,-40.20100403E+00,-80.40200806E+00
+635.00E-06,-40.20100403E+00,-47.73869228E+00
+636.00E-06,-40.20100403E+00,-80.40200806E+00
+637.00E-06,-10.05025101E+00,-67.83919430E+00
+638.00E-06,-40.20100403E+00,-40.20100403E+00
+639.00E-06,+0.0E+00,-40.20100403E+00
+640.00E-06,+0.0E+00,-40.20100403E+00
+641.00E-06,-40.20100403E+00,-40.20100403E+00
+642.00E-06,-20.10050201E+00,-60.30150604E+00
+643.00E-06,-7.53768826E+00,-47.73869228E+00
+644.00E-06,+0.0E+00,-118.09044933E+00
+645.00E-06,-10.05025101E+00,-80.40200806E+00
+646.00E-06,-20.10050201E+00,-80.40200806E+00
+647.00E-06,+0.0E+00,-110.55276108E+00
+648.00E-06,+0.0E+00,-120.60301208E+00
+649.00E-06,-10.05025101E+00,-120.60301208E+00
+650.00E-06,+20.10050201E+00,-140.70351410E+00
+651.00E-06,+0.0E+00,-120.60301208E+00
+652.00E-06,+0.0E+00,-120.60301208E+00
+653.00E-06,+40.20100403E+00,-120.60301208E+00
+654.00E-06,+0.0E+00,-120.60301208E+00
+655.00E-06,+40.20100403E+00,-120.60301208E+00
+656.00E-06,+40.20100403E+00,-158.29145336E+00
+657.00E-06,+40.20100403E+00,-130.65326309E+00
+658.00E-06,+20.10050201E+00,-138.19095135E+00
+659.00E-06,+80.40200806E+00,-160.80401611E+00
+660.00E-06,+40.20100403E+00,-160.80401611E+00
+661.00E-06,+40.20100403E+00,-148.24120235E+00
+662.00E-06,+40.20100403E+00,-160.80401611E+00
+663.00E-06,+47.73869228E+00,-160.80401611E+00
+664.00E-06,+80.40200806E+00,-160.80401611E+00
+665.00E-06,+50.25125504E+00,-160.80401611E+00
+666.00E-06,+80.40200806E+00,-138.19095135E+00
+667.00E-06,+70.35175705E+00,-160.80401611E+00
+668.00E-06,+80.40200806E+00,-160.80401611E+00
+669.00E-06,+80.40200806E+00,-130.65326309E+00
+670.00E-06,+100.50251007E+00,-160.80401611E+00
+671.00E-06,+80.40200806E+00,-150.75376511E+00
+672.00E-06,+80.40200806E+00,-158.29145336E+00
+673.00E-06,+80.40200806E+00,-130.65326309E+00
+674.00E-06,+120.60301208E+00,-120.60301208E+00
+675.00E-06,+120.60301208E+00,-150.75376511E+00
+676.00E-06,+80.40200806E+00,-158.29145336E+00
+677.00E-06,+120.60301208E+00,-90.45225906E+00
+678.00E-06,+120.60301208E+00,-100.50251007E+00
+679.00E-06,+120.60301208E+00,-110.55276108E+00
+680.00E-06,+158.29145336E+00,-120.60301208E+00
+681.00E-06,+148.24120235E+00,-120.60301208E+00
+682.00E-06,+120.60301208E+00,-140.70351410E+00
+683.00E-06,+160.80401611E+00,-80.40200806E+00
+684.00E-06,+160.80401611E+00,-118.09044933E+00
+685.00E-06,+160.80401611E+00,-80.40200806E+00
+686.00E-06,+140.70351410E+00,-80.40200806E+00
+687.00E-06,+180.90451813E+00,-80.40200806E+00
+688.00E-06,+160.80401611E+00,-118.09044933E+00
+689.00E-06,+201.00502014E+00,-50.25125504E+00
+690.00E-06,+160.80401611E+00,-60.30150604E+00
+691.00E-06,+160.80401611E+00,-80.40200806E+00
+692.00E-06,+198.49245739E+00,-80.40200806E+00
+693.00E-06,+188.44220638E+00,-67.83919430E+00
+694.00E-06,+160.80401611E+00,-57.78894329E+00
+695.00E-06,+201.00502014E+00,-80.40200806E+00
+696.00E-06,+201.00502014E+00,-77.88944530E+00
+697.00E-06,+188.44220638E+00,-50.25125504E+00
+698.00E-06,+201.00502014E+00,-60.30150604E+00
+699.00E-06,+201.00502014E+00,-40.20100403E+00
+700.00E-06,+201.00502014E+00,-40.20100403E+00
+701.00E-06,+201.00502014E+00,-40.20100403E+00
+702.00E-06,+201.00502014E+00,-40.20100403E+00
+703.00E-06,+190.95476913E+00,-40.20100403E+00
+704.00E-06,+201.00502014E+00,+0.0E+00
+705.00E-06,+201.00502014E+00,-27.63819027E+00
+706.00E-06,+201.00502014E+00,-40.20100403E+00
+707.00E-06,+231.15577316E+00,-40.20100403E+00
+708.00E-06,+241.20602417E+00,-37.68844128E+00
+709.00E-06,+201.00502014E+00,-40.20100403E+00
+710.00E-06,+201.00502014E+00,-40.20100403E+00
+711.00E-06,+201.00502014E+00,-7.53768826E+00
+712.00E-06,+241.20602417E+00,+0.0E+00
+713.00E-06,+228.64321041E+00,+27.63819027E+00
+714.00E-06,+201.00502014E+00,-40.20100403E+00
+715.00E-06,+201.00502014E+00,-40.20100403E+00
+716.00E-06,+241.20602417E+00,+0.0E+00
+717.00E-06,+201.00502014E+00,+0.0E+00
+718.00E-06,+201.00502014E+00,-20.10050201E+00
+719.00E-06,+201.00502014E+00,+0.0E+00
+720.00E-06,+238.69346142E+00,+0.0E+00
+721.00E-06,+201.00502014E+00,-10.05025101E+00
+722.00E-06,+178.39195538E+00,+0.0E+00
+723.00E-06,+201.00502014E+00,+0.0E+00
+724.00E-06,+198.49245739E+00,+0.0E+00
+725.00E-06,+188.44220638E+00,+0.0E+00
+726.00E-06,+221.10552216E+00,+20.10050201E+00
+727.00E-06,+201.00502014E+00,+0.0E+00
+728.00E-06,+201.00502014E+00,+0.0E+00
+729.00E-06,+170.85426712E+00,+40.20100403E+00
+730.00E-06,+201.00502014E+00,+0.0E+00
+731.00E-06,+201.00502014E+00,-30.15075302E+00
+732.00E-06,+201.00502014E+00,+40.20100403E+00
+733.00E-06,+170.85426712E+00,+27.63819027E+00
+734.00E-06,+178.39195538E+00,+17.58793926E+00
+735.00E-06,+168.34170437E+00,+30.15075302E+00
+736.00E-06,+201.00502014E+00,+40.20100403E+00
+737.00E-06,+170.85426712E+00,+10.05025101E+00
+738.00E-06,+160.80401611E+00,+17.58793926E+00
+739.00E-06,+190.95476913E+00,-40.20100403E+00
+740.00E-06,+160.80401611E+00,+0.0E+00
+741.00E-06,+160.80401611E+00,-40.20100403E+00
+742.00E-06,+138.19095135E+00,-80.40200806E+00
+743.00E-06,+160.80401611E+00,-110.55276108E+00
+744.00E-06,+160.80401611E+00,-158.29145336E+00
+745.00E-06,+120.60301208E+00,-188.44220638E+00
+746.00E-06,+138.19095135E+00,-221.10552216E+00
+747.00E-06,+120.60301208E+00,-271.35677719E+00
+748.00E-06,+120.60301208E+00,-281.40702820E+00
+749.00E-06,+120.60301208E+00,-321.60803223E+00
+750.00E-06,+97.98994732E+00,-402.01004028E+00
+751.00E-06,+110.55276108E+00,-432.16079330E+00
+752.00E-06,+80.40200806E+00,-442.21104431E+00
+753.00E-06,+80.40200806E+00,-492.46229935E+00
+754.00E-06,+80.40200806E+00,-522.61305237E+00
+755.00E-06,+40.20100403E+00,-592.96480942E+00
+756.00E-06,+40.20100403E+00,-640.70350170E+00
+757.00E-06,+40.20100403E+00,-643.21606445E+00
+758.00E-06,+40.20100403E+00,-683.41706848E+00
+759.00E-06,+0.0E+00,-713.56782150E+00
+760.00E-06,+37.68844128E+00,-723.61807251E+00
+761.00E-06,+0.0E+00,-763.81907654E+00
+762.00E-06,+0.0E+00,-783.91957855E+00
+763.00E-06,+0.0E+00,-811.55776882E+00
+764.00E-06,-37.68844128E+00,-844.22108459E+00
+765.00E-06,-40.20100403E+00,-844.22108459E+00
+766.00E-06,-57.78894329E+00,-861.80902386E+00
+767.00E-06,-40.20100403E+00,-884.42208862E+00
+768.00E-06,-80.40200806E+00,-922.11052990E+00
+769.00E-06,-67.83919430E+00,-884.42208862E+00
+770.00E-06,-80.40200806E+00,-904.52259064E+00
+771.00E-06,-80.40200806E+00,-914.57284164E+00
+772.00E-06,-80.40200806E+00,-881.90952587E+00
+773.00E-06,-80.40200806E+00,-884.42208862E+00
+774.00E-06,-100.50251007E+00,-861.80902386E+00
+775.00E-06,-120.60301208E+00,-874.37183762E+00
+776.00E-06,-120.60301208E+00,-844.22108459E+00
+777.00E-06,-120.60301208E+00,-844.22108459E+00
+778.00E-06,-120.60301208E+00,-804.02008057E+00
+779.00E-06,-150.75376511E+00,-763.81907654E+00
+780.00E-06,-120.60301208E+00,-763.81907654E+00
+781.00E-06,-130.65326309E+00,-733.66832352E+00
+782.00E-06,-160.80401611E+00,-723.61807251E+00
+783.00E-06,-160.80401611E+00,-690.95475674E+00
+784.00E-06,-158.29145336E+00,-643.21606445E+00
+785.00E-06,-160.80401611E+00,-643.21606445E+00
+786.00E-06,-201.00502014E+00,-643.21606445E+00
+787.00E-06,-168.34170437E+00,-603.01506042E+00
+788.00E-06,-198.49245739E+00,-600.50249767E+00
+789.00E-06,-188.44220638E+00,-562.81405640E+00
+790.00E-06,-218.59295940E+00,-562.81405640E+00
+791.00E-06,-241.20602417E+00,-522.61305237E+00
+792.00E-06,-238.69346142E+00,-482.41204834E+00
+793.00E-06,-201.00502014E+00,-482.41204834E+00
+794.00E-06,-241.20602417E+00,-482.41204834E+00
+795.00E-06,-241.20602417E+00,-472.36179733E+00
+796.00E-06,-241.20602417E+00,-442.21104431E+00
+797.00E-06,-251.25627518E+00,-442.21104431E+00
+798.00E-06,-261.30652618E+00,-419.59797955E+00
+799.00E-06,-271.35677719E+00,-402.01004028E+00
+800.00E-06,-241.20602417E+00,-402.01004028E+00
+801.00E-06,-268.84421444E+00,-371.85928726E+00
+802.00E-06,-258.79396343E+00,-379.39697552E+00
+803.00E-06,-271.35677719E+00,-361.80903625E+00
+804.00E-06,-319.09546947E+00,-361.80903625E+00
+805.00E-06,-268.84421444E+00,-349.24622250E+00
+806.00E-06,-281.40702820E+00,-301.50753021E+00
+807.00E-06,-288.94471645E+00,-241.20602417E+00
+808.00E-06,-281.40702820E+00,-201.00502014E+00
+809.00E-06,-281.40702820E+00,-160.80401611E+00
+810.00E-06,-261.30652618E+00,-120.60301208E+00
+811.00E-06,-281.40702820E+00,-80.40200806E+00
+812.00E-06,-281.40702820E+00,-40.20100403E+00
+813.00E-06,-281.40702820E+00,-27.63819027E+00
+814.00E-06,-258.79396343E+00,+0.0E+00
+815.00E-06,-258.79396343E+00,+30.15075302E+00
+816.00E-06,-241.20602417E+00,+77.88944530E+00
+817.00E-06,-268.84421444E+00,+40.20100403E+00
+818.00E-06,-258.79396343E+00,+60.30150604E+00
+819.00E-06,-271.35677719E+00,+80.40200806E+00
+820.00E-06,-278.89446545E+00,+80.40200806E+00
+821.00E-06,-251.25627518E+00,+108.04019833E+00
+822.00E-06,-261.30652618E+00,+80.40200806E+00
+823.00E-06,-281.40702820E+00,+120.60301208E+00
+824.00E-06,-241.20602417E+00,+80.40200806E+00
+825.00E-06,-251.25627518E+00,+80.40200806E+00
+826.00E-06,-241.20602417E+00,+80.40200806E+00
+827.00E-06,-241.20602417E+00,+80.40200806E+00
+828.00E-06,-241.20602417E+00,+80.40200806E+00
+829.00E-06,-241.20602417E+00,+80.40200806E+00
+830.00E-06,-221.10552216E+00,+80.40200806E+00
+831.00E-06,-208.54270840E+00,+80.40200806E+00
+832.00E-06,-201.00502014E+00,+77.88944530E+00
+833.00E-06,-201.00502014E+00,+40.20100403E+00
+834.00E-06,-221.10552216E+00,+57.78894329E+00
+835.00E-06,-201.00502014E+00,+30.15075302E+00
+836.00E-06,-201.00502014E+00,+40.20100403E+00
+837.00E-06,-201.00502014E+00,+0.0E+00
+838.00E-06,-180.90451813E+00,+0.0E+00
+839.00E-06,-201.00502014E+00,-30.15075302E+00
+840.00E-06,-198.49245739E+00,-40.20100403E+00
+841.00E-06,-160.80401611E+00,-40.20100403E+00
+842.00E-06,-178.39195538E+00,-60.30150604E+00
+843.00E-06,-190.95476913E+00,-110.55276108E+00
+844.00E-06,-160.80401611E+00,-118.09044933E+00
+845.00E-06,-130.65326309E+00,-90.45225906E+00
+846.00E-06,-160.80401611E+00,-120.60301208E+00
+847.00E-06,-160.80401611E+00,-120.60301208E+00
+848.00E-06,-120.60301208E+00,-160.80401611E+00
+849.00E-06,-120.60301208E+00,-201.00502014E+00
+850.00E-06,-120.60301208E+00,-180.90451813E+00
+851.00E-06,-110.55276108E+00,-168.34170437E+00
+852.00E-06,-120.60301208E+00,-201.00502014E+00
+853.00E-06,-120.60301208E+00,-201.00502014E+00
+854.00E-06,-120.60301208E+00,-201.00502014E+00
+855.00E-06,-80.40200806E+00,-201.00502014E+00
+856.00E-06,-118.09044933E+00,-201.00502014E+00
+857.00E-06,-80.40200806E+00,-228.64321041E+00
+858.00E-06,-60.30150604E+00,-221.10552216E+00
+859.00E-06,-47.73869228E+00,-241.20602417E+00
+860.00E-06,-80.40200806E+00,-238.69346142E+00
+861.00E-06,-67.83919430E+00,-241.20602417E+00
+862.00E-06,-60.30150604E+00,-241.20602417E+00
+863.00E-06,-40.20100403E+00,-241.20602417E+00
+864.00E-06,-80.40200806E+00,-238.69346142E+00
+865.00E-06,-40.20100403E+00,-228.64321041E+00
+866.00E-06,-40.20100403E+00,-218.59295940E+00
+867.00E-06,+0.0E+00,-231.15577316E+00
+868.00E-06,+0.0E+00,-201.00502014E+00
+869.00E-06,+10.05025101E+00,-228.64321041E+00
+870.00E-06,+20.10050201E+00,-201.00502014E+00
+871.00E-06,+7.53768826E+00,-168.34170437E+00
+872.00E-06,+0.0E+00,-160.80401611E+00
+873.00E-06,+0.0E+00,-188.44220638E+00
+874.00E-06,+40.20100403E+00,-178.39195538E+00
+875.00E-06,+40.20100403E+00,-201.00502014E+00
+876.00E-06,+40.20100403E+00,-160.80401611E+00
+877.00E-06,+50.25125504E+00,-160.80401611E+00
+878.00E-06,+40.20100403E+00,-140.70351410E+00
+879.00E-06,+80.40200806E+00,-128.14070034E+00
+880.00E-06,+77.88944530E+00,-118.09044933E+00
+881.00E-06,+80.40200806E+00,-160.80401611E+00
+882.00E-06,+80.40200806E+00,-120.60301208E+00
+883.00E-06,+80.40200806E+00,-120.60301208E+00
+884.00E-06,+80.40200806E+00,-80.40200806E+00
+885.00E-06,+80.40200806E+00,-80.40200806E+00
+886.00E-06,+100.50251007E+00,-100.50251007E+00
+887.00E-06,+87.93969631E+00,-87.93969631E+00
+888.00E-06,+120.60301208E+00,-80.40200806E+00
+889.00E-06,+120.60301208E+00,-80.40200806E+00
+890.00E-06,+100.50251007E+00,-100.50251007E+00
+891.00E-06,+120.60301208E+00,-80.40200806E+00
+892.00E-06,+120.60301208E+00,-80.40200806E+00
+893.00E-06,+120.60301208E+00,-67.83919430E+00
+894.00E-06,+120.60301208E+00,-60.30150604E+00
+895.00E-06,+120.60301208E+00,-47.73869228E+00
+896.00E-06,+158.29145336E+00,-40.20100403E+00
+897.00E-06,+160.80401611E+00,-40.20100403E+00
+898.00E-06,+160.80401611E+00,-40.20100403E+00
+899.00E-06,+150.75376511E+00,-30.15075302E+00
+900.00E-06,+160.80401611E+00,-40.20100403E+00
+901.00E-06,+160.80401611E+00,-10.05025101E+00
+902.00E-06,+138.19095135E+00,-40.20100403E+00
+903.00E-06,+160.80401611E+00,-7.53768826E+00
+904.00E-06,+120.60301208E+00,+0.0E+00
+905.00E-06,+160.80401611E+00,-27.63819027E+00
+906.00E-06,+160.80401611E+00,-20.10050201E+00
+907.00E-06,+160.80401611E+00,+0.0E+00
+908.00E-06,+120.60301208E+00,+0.0E+00
+909.00E-06,+160.80401611E+00,+0.0E+00
+910.00E-06,+201.00502014E+00,+0.0E+00
+911.00E-06,+168.34170437E+00,+0.0E+00
+912.00E-06,+201.00502014E+00,+0.0E+00
+913.00E-06,+170.85426712E+00,-27.63819027E+00
+914.00E-06,+178.39195538E+00,+0.0E+00
+915.00E-06,+201.00502014E+00,+0.0E+00
+916.00E-06,+201.00502014E+00,+0.0E+00
+917.00E-06,+201.00502014E+00,+0.0E+00
+918.00E-06,+201.00502014E+00,+0.0E+00
+919.00E-06,+201.00502014E+00,-7.53768826E+00
+920.00E-06,+160.80401611E+00,+0.0E+00
+921.00E-06,+201.00502014E+00,+0.0E+00
+922.00E-06,+201.00502014E+00,-17.58793926E+00
+923.00E-06,+201.00502014E+00,-7.53768826E+00
+924.00E-06,+201.00502014E+00,-37.68844128E+00
+925.00E-06,+201.00502014E+00,-10.05025101E+00
+926.00E-06,+221.10552216E+00,+0.0E+00
+927.00E-06,+201.00502014E+00,-30.15075302E+00
+928.00E-06,+198.49245739E+00,-37.68844128E+00
+929.00E-06,+201.00502014E+00,-40.20100403E+00
+930.00E-06,+201.00502014E+00,-17.58793926E+00
+931.00E-06,+201.00502014E+00,-40.20100403E+00
+932.00E-06,+201.00502014E+00,-40.20100403E+00
+933.00E-06,+201.00502014E+00,-67.83919430E+00
+934.00E-06,+201.00502014E+00,-40.20100403E+00
+935.00E-06,+201.00502014E+00,-40.20100403E+00
+936.00E-06,+201.00502014E+00,-40.20100403E+00
+937.00E-06,+201.00502014E+00,-50.25125504E+00
+938.00E-06,+201.00502014E+00,-40.20100403E+00
+939.00E-06,+190.95476913E+00,-40.20100403E+00
+940.00E-06,+201.00502014E+00,-40.20100403E+00
+941.00E-06,+188.44220638E+00,-67.83919430E+00
+942.00E-06,+201.00502014E+00,-40.20100403E+00
+943.00E-06,+168.34170437E+00,-40.20100403E+00
+944.00E-06,+201.00502014E+00,-77.88944530E+00
+945.00E-06,+201.00502014E+00,-80.40200806E+00
+946.00E-06,+178.39195538E+00,-80.40200806E+00
+947.00E-06,+168.34170437E+00,-80.40200806E+00
+948.00E-06,+160.80401611E+00,-80.40200806E+00
+949.00E-06,+170.85426712E+00,-67.83919430E+00
+950.00E-06,+201.00502014E+00,-80.40200806E+00
+951.00E-06,+168.34170437E+00,-80.40200806E+00
+952.00E-06,+160.80401611E+00,-80.40200806E+00
+953.00E-06,+160.80401611E+00,-67.83919430E+00
+954.00E-06,+160.80401611E+00,-40.20100403E+00
+955.00E-06,+160.80401611E+00,-80.40200806E+00
+956.00E-06,+160.80401611E+00,-40.20100403E+00
+957.00E-06,+160.80401611E+00,-40.20100403E+00
+958.00E-06,+140.70351410E+00,-80.40200806E+00
+959.00E-06,+160.80401611E+00,-80.40200806E+00
+960.00E-06,+160.80401611E+00,-40.20100403E+00
+961.00E-06,+148.24120235E+00,-40.20100403E+00
+962.00E-06,+160.80401611E+00,-57.78894329E+00
+963.00E-06,+128.14070034E+00,-40.20100403E+00
+964.00E-06,+120.60301208E+00,-80.40200806E+00
+965.00E-06,+130.65326309E+00,-40.20100403E+00
+966.00E-06,+140.70351410E+00,-40.20100403E+00
+967.00E-06,+128.14070034E+00,-47.73869228E+00
+968.00E-06,+158.29145336E+00,-40.20100403E+00
+969.00E-06,+120.60301208E+00,-67.83919430E+00
+970.00E-06,+120.60301208E+00,-40.20100403E+00
+971.00E-06,+120.60301208E+00,-40.20100403E+00
+972.00E-06,+120.60301208E+00,-40.20100403E+00
+973.00E-06,+120.60301208E+00,-40.20100403E+00
+974.00E-06,+120.60301208E+00,-20.10050201E+00
+975.00E-06,+120.60301208E+00,-40.20100403E+00
+976.00E-06,+118.09044933E+00,-40.20100403E+00
+977.00E-06,+90.45225906E+00,-10.05025101E+00
+978.00E-06,+120.60301208E+00,+0.0E+00
+979.00E-06,+87.93969631E+00,-30.15075302E+00
+980.00E-06,+120.60301208E+00,+0.0E+00
+981.00E-06,+108.04019833E+00,+0.0E+00
+982.00E-06,+80.40200806E+00,-17.58793926E+00
+983.00E-06,+80.40200806E+00,-40.20100403E+00
+984.00E-06,+80.40200806E+00,+0.0E+00
+985.00E-06,+80.40200806E+00,-10.05025101E+00
+986.00E-06,+80.40200806E+00,+0.0E+00
+987.00E-06,+80.40200806E+00,-7.53768826E+00
+988.00E-06,+80.40200806E+00,+0.0E+00
+989.00E-06,+80.40200806E+00,-27.63819027E+00
+990.00E-06,+80.40200806E+00,+0.0E+00
+991.00E-06,+80.40200806E+00,+7.53768826E+00
+992.00E-06,+80.40200806E+00,+0.0E+00
+993.00E-06,+80.40200806E+00,+27.63819027E+00
+994.00E-06,+80.40200806E+00,+0.0E+00
+995.00E-06,+47.73869228E+00,+0.0E+00
+996.00E-06,+40.20100403E+00,+0.0E+00
+997.00E-06,+80.40200806E+00,+0.0E+00
+998.00E-06,+80.40200806E+00,+20.10050201E+00
+999.00E-06,+70.35175705E+00,+7.53768826E+00
